Country,League,Season,Date,Time,Home,Away,HG,AG,Res,PSCH,PSCD,PSCA,MaxCH,MaxCD,MaxCA,AvgCH,AvgCD,AvgCA,BFECH,BFECD,BFECA,B365CH,B365CD,B365CA
Mexico,Liga MX,2024/2025,15/03/2025,03:05,Puebla,Toluca,0,3,A,5.48,4.16,1.63,5.48,4.25,1.65,5.08,4,1.61,5.7,4.3,1.66,,,
Mexico,Liga MX,2024/2025,15/03/2025,23:00,Tigres UANL,Santos Laguna,3,0,H,1.33,5.66,9.26,1.33,5.66,10.5,1.31,5.31,8.59,1.34,6,10.5,,,
Mexico,Liga MX,2024/2025,16/03/2025,01:00,Cruz Azul,Atl. San Luis,3,0,H,1.27,5.75,11.76,1.29,6,11.76,1.26,5.56,10.34,1.3,6.2,12,,,
Mexico,Liga MX,2024/2025,16/03/2025,01:10,Juarez,Guadalajara Chivas,1,1,D,3.23,3.08,2.5,3.3,3.22,2.5,3.05,3.07,2.41,3.35,3.1,2.58,,,
Mexico,Liga MX,2024/2025,16/03/2025,03:05,Atlas,Club America,1,3,A,4.32,3.74,1.86,4.32,3.8,1.9,4.06,3.6,1.83,4.5,3.8,1.9,,,
Mexico,Liga MX,2024/2025,17/03/2025,00:00,UNAM Pumas,Monterrey,1,3,A,2.97,3.23,2.58,2.97,3.43,2.58,2.84,3.19,2.47,3,3.4,2.62,,,
Mexico,Liga MX,2024/2025,17/03/2025,02:00,Pachuca,Club Tijuana,4,1,H,1.34,5.63,8.56,1.35,6.25,9.5,1.3,5.67,8.28,1.32,6.4,10,,,
Mexico,Liga MX,2024/2025,29/03/2025,01:00,Necaxa,Queretaro,2,0,H,1.53,4.55,6.16,1.53,4.55,6.5,1.5,4.31,5.93,1.54,4.7,7.2,,,
Mexico,Liga MX,2024/2025,29/03/2025,03:00,Mazatlan FC,Atlas,3,2,H,2.71,3.1,2.92,2.71,3.15,3.01,2.6,3.04,2.83,2.72,3.15,3.05,,,
Mexico,Liga MX,2024/2025,29/03/2025,23:00,Juarez,Puebla,2,0,H,1.86,3.49,4.73,1.93,3.5,4.75,1.84,3.43,4.38,1.91,3.6,5,,,
Mexico,Liga MX,2024/2025,29/03/2025,23:00,Toluca,Pachuca,3,2,H,1.74,4.41,4.3,1.85,4.41,4.33,1.72,4.14,4.17,1.78,4.4,4.6,,,
Mexico,Liga MX,2024/2025,30/03/2025,02:05,Club America,Tigres UANL,3,0,H,1.74,3.6,5.42,1.8,3.8,5.42,1.73,3.55,4.87,1.77,3.85,5.4,,,
Mexico,Liga MX,2024/2025,30/03/2025,04:05,Guadalajara Chivas,Cruz Azul,0,1,A,3.14,3.21,2.48,3.14,3.4,2.48,3,3.17,2.4,3.3,3.3,2.52,,,
Mexico,Liga MX,2024/2025,30/03/2025,04:15,Monterrey,Club Tijuana,1,2,A,1.35,5.99,7.51,1.37,6.25,9,1.34,5.63,7.21,1.36,6.4,8.2,,,
Mexico,Liga MX,2024/2025,31/03/2025,00:00,Santos Laguna,Atl. San Luis,2,3,A,2.53,3.77,2.69,2.53,3.77,3,2.41,3.62,2.69,2.56,3.85,2.78,,,
Mexico,Liga MX,2024/2025,31/03/2025,02:05,Club Leon,UNAM Pumas,1,2,A,2.19,3.46,3.47,2.29,3.6,3.65,2.15,3.39,3.3,2.26,3.45,3.65,,,
Mexico,Liga MX,2024/2025,05/04/2025,02:00,Queretaro,Club Leon,1,1,D,4.01,3.67,1.95,4.01,3.67,2.03,3.79,3.53,1.94,4.1,3.7,2.02,,,
Mexico,Liga MX,2024/2025,05/04/2025,04:00,Club Tijuana,Necaxa,1,2,A,2.33,4,2.83,2.4,4.2,2.83,2.31,3.97,2.67,2.38,4.1,2.92,,,
Mexico,Liga MX,2024/2025,05/04/2025,04:05,Puebla,Tigres UANL,0,0,D,3.19,3.18,2.47,3.35,3.25,2.47,3.15,3.12,2.26,3.3,3.3,2.46,,,
Mexico,Liga MX,2024/2025,06/04/2025,00:00,Atlas,Juarez,1,1,D,2.23,3.42,3.42,2.28,3.42,3.42,2.18,3.32,3.12,2.28,3.5,3.55,,,
Mexico,Liga MX,2024/2025,06/04/2025,00:00,Pachuca,Club America,1,0,H,2.64,3.53,2.69,2.64,3.6,2.69,2.51,3.42,2.56,2.72,3.5,2.82,,,
Mexico,Liga MX,2024/2025,06/04/2025,02:00,Atl. San Luis,Mazatlan FC,2,1,H,2.15,3.41,3.62,2.15,3.7,3.62,2.1,3.54,3.42,2.18,3.5,3.65,,,
Mexico,Liga MX,2024/2025,06/04/2025,02:05,Monterrey,Guadalajara Chivas,3,1,H,1.98,3.54,4.05,1.98,3.54,4.05,1.96,3.5,3.93,2,3.6,4.4,,,
Mexico,Liga MX,2024/2025,06/04/2025,04:10,Cruz Azul,UNAM Pumas,3,2,H,1.81,3.61,4.87,1.81,3.85,5,1.72,3.53,4.62,1.82,3.65,5.3,,,
Mexico,Liga MX,2024/2025,07/04/2025,01:00,Toluca,Santos Laguna,2,1,H,1.13,10.26,16.67,1.14,10.26,18,1.11,8.93,15.58,1.16,10,19.5,,,
Mexico,Liga MX,2024/2025,11/04/2025,03:05,Club Tijuana,Atl. San Luis,2,1,H,1.84,4.53,3.67,1.86,4.76,3.75,1.82,4.38,3.51,1.86,4.7,3.8,,,
Mexico,Liga MX,2024/2025,12/04/2025,02:00,Necaxa,Pachuca,3,5,A,2.6,3.63,2.68,2.6,3.75,2.71,2.51,3.55,2.63,2.64,3.7,2.78,,,
Mexico,Liga MX,2024/2025,12/04/2025,04:05,Mazatlan FC,Guadalajara Chivas,1,1,D,3.35,3.15,2.39,3.35,3.3,2.4,3.16,3.11,2.35,3.45,3.15,2.5,,,
Mexico,Liga MX,2024/2025,13/04/2025,00:00,Club Leon,Puebla,1,0,H,1.55,4.41,6.07,1.57,4.41,6.4,1.53,4.24,5.67,1.58,4.4,6.8,,,
Mexico,Liga MX,2024/2025,13/04/2025,00:00,UNAM Pumas,Juarez,0,0,D,1.88,3.61,4.43,1.93,3.7,4.68,1.84,3.56,4.21,1.9,3.65,4.8,,,
Mexico,Liga MX,2024/2025,13/04/2025,02:00,Tigres UANL,Monterrey,2,1,H,2.5,3.38,2.96,2.56,3.5,2.96,2.44,3.31,2.86,2.58,3.5,3,,,
Mexico,Liga MX,2024/2025,13/04/2025,02:05,Atlas,Toluca,2,3,A,3.51,3.83,2.05,3.52,3.9,2.05,3.41,3.75,1.99,3.7,3.9,2.04,,,
Mexico,Liga MX,2024/2025,13/04/2025,04:15,Club America,Cruz Azul,0,0,D,2.49,3.35,3.01,2.55,3.4,3.02,2.43,3.31,2.88,2.6,3.4,3.1,,,
Mexico,Liga MX,2024/2025,14/04/2025,00:00,Santos Laguna,Queretaro,1,2,A,2.05,3.75,3.58,2.13,3.75,3.6,2.04,3.62,3.39,2.12,3.8,3.7,,,
Mexico,Liga MX,2024/2025,16/04/2025,02:00,Pachuca,Tigres UANL,0,0,D,2.09,3.38,3.84,2.13,3.4,4.1,2.04,3.32,3.7,2.1,3.5,4,,,
Mexico,Liga MX,2024/2025,16/04/2025,02:05,Guadalajara Chivas,Puebla,1,0,H,1.5,4.31,7.16,1.5,4.5,7.16,1.47,4.26,6.76,1.54,4.5,7.4,,,
Mexico,Liga MX,2024/2025,16/04/2025,04:00,Juarez,Necaxa,2,2,D,2.41,3.53,2.99,2.43,3.65,3.2,2.35,3.48,2.88,2.46,3.6,3.05,,,
Mexico,Liga MX,2024/2025,16/04/2025,04:05,Cruz Azul,Club Leon,2,1,H,1.81,3.91,4.38,1.85,4.1,4.6,1.78,3.83,4.19,1.85,4,4.7,,,
Mexico,Liga MX,2024/2025,17/04/2025,02:00,Monterrey,Club America,1,0,H,2.95,3.34,2.53,3,3.5,2.54,2.84,3.31,2.46,3,3.4,2.62,,,
Mexico,Liga MX,2024/2025,17/04/2025,02:00,Queretaro,Atlas,1,2,A,3.48,3.28,2.27,3.48,3.45,2.27,3.3,3.26,2.22,3.6,3.35,2.34,,,
Mexico,Liga MX,2024/2025,17/04/2025,03:00,Atl. San Luis,Toluca,0,1,A,4.95,4.29,1.66,5.23,4.29,1.76,4.73,4.14,1.64,5.3,4.5,1.68,,,
Mexico,Liga MX,2024/2025,17/04/2025,04:00,Mazatlan FC,Club Tijuana,0,2,A,2.03,3.75,3.62,2.06,3.88,3.62,2.01,3.69,3.43,2.08,3.9,3.7,,,
Mexico,Liga MX,2024/2025,17/04/2025,04:05,UNAM Pumas,Santos Laguna,2,0,H,1.34,5.64,8.72,1.34,5.64,9.5,1.32,5.22,8.59,1.34,5.9,10.5,,,
Mexico,Liga MX,2024/2025,19/04/2025,02:00,Puebla,Necaxa,0,1,A,3.95,3.63,1.98,4.4,3.72,2,3.97,3.57,1.9,4.3,3.75,1.96,,,
Mexico,Liga MX,2024/2025,20/04/2025,00:00,Club America,Mazatlan FC,5,0,H,1.25,6.3,12.16,1.25,6.59,13,1.23,6.12,11.64,1.26,6.6,16,,,
Mexico,Liga MX,2024/2025,20/04/2025,02:05,Toluca,Cruz Azul,2,2,D,1.99,3.6,3.93,2.03,3.65,3.93,1.98,3.57,3.6,2.02,3.85,3.95,,,
Mexico,Liga MX,2024/2025,20/04/2025,04:00,Tigres UANL,UNAM Pumas,2,1,H,1.95,3.53,4.18,1.98,3.53,4.47,1.92,3.41,4.03,1.97,3.6,4.5,,,
Mexico,Liga MX,2024/2025,20/04/2025,04:15,Atlas,Guadalajara Chivas,1,1,D,4.1,3.5,1.98,4.33,3.5,2.07,3.9,3.37,1.97,4.2,3.6,2,,,
Mexico,Liga MX,2024/2025,21/04/2025,00:00,Santos Laguna,Club Tijuana,0,4,A,2.52,4.07,2.56,2.74,4.07,2.6,2.53,3.74,2.51,2.58,4.2,2.64,,,
Mexico,Liga MX,2024/2025,21/04/2025,02:00,Atl. San Luis,Pachuca,2,1,H,3.79,4.51,1.82,4.3,4.51,1.83,3.86,4.28,1.76,4.1,4.6,1.83,,,
Mexico,Liga MX,2024/2025,21/04/2025,02:05,Club Leon,Monterrey,0,2,A,2.42,3.53,2.96,2.55,3.53,3.04,2.4,3.43,2.82,2.5,3.6,3,,,
Mexico,Liga MX,2024/2025,21/04/2025,04:00,Juarez,Queretaro,0,2,A,1.62,4.22,5.5,1.66,4.22,5.5,1.6,4.07,5.2,1.63,4.3,6,,,
Mexico,Liga MX,2024/2025,28/04/2025,00:00,Juarez,UNAM Pumas,1,1,D,2.92,3.06,2.75,2.92,3.06,2.86,2.8,3.01,2.68,2.96,3.1,2.84,,,
Mexico,Liga MX,2024/2025,28/04/2025,02:30,Monterrey,Pachuca,1,2,A,1.93,3.66,4.09,1.95,3.85,4.17,1.9,3.59,3.88,1.98,3.8,4.2,,,
Mexico,Liga MX,2024/2025,05/05/2025,02:30,Monterrey,UNAM Pumas,2,0,H,1.81,3.59,4.85,1.81,3.65,4.96,1.78,3.51,4.66,1.87,3.6,5.1,,,
Mexico,Liga MX,2024/2025,08/05/2025,02:00,Monterrey,Toluca,3,2,H,2.2,3.39,3.52,2.25,3.39,3.52,2.19,3.3,3.34,2.3,3.35,3.5,,,
Mexico,Liga MX,2024/2025,08/05/2025,04:10,Pachuca,Club America,0,0,D,3.17,3.26,2.43,3.17,3.45,2.55,3.02,3.23,2.39,2.92,3.35,2.68,,,
Mexico,Liga MX,2024/2025,09/05/2025,02:00,Necaxa,Tigres UANL,0,0,D,2.67,3.19,2.9,2.88,3.35,2.9,2.66,3.15,2.76,2.84,3.35,2.5,,,
Mexico,Liga MX,2024/2025,09/05/2025,04:10,Club Leon,Cruz Azul,2,3,A,3.69,3.3,2.17,3.72,3.3,2.27,3.5,3.23,2.16,3.2,3.5,2.26,,,
Mexico,Liga MX,2024/2025,11/05/2025,02:00,Toluca,Monterrey,2,1,H,1.56,4.37,5.89,1.56,4.7,5.89,1.53,4.37,5.52,1.59,4.6,6,,,
Mexico,Liga MX,2024/2025,11/05/2025,04:10,Club America,Pachuca,2,0,H,1.83,3.77,4.44,1.85,3.9,4.88,1.79,3.67,4.4,1.86,3.8,4.8,,,
Mexico,Liga MX,2024/2025,12/05/2025,02:00,Cruz Azul,Club Leon,2,1,H,1.8,3.84,4.57,1.8,3.95,4.8,1.75,3.77,4.45,1.84,3.85,4.9,,,
Mexico,Liga MX,2024/2025,12/05/2025,04:10,Tigres UANL,Necaxa,2,2,D,1.84,3.81,4.37,1.85,3.81,4.51,1.8,3.71,4.26,1.86,3.9,4.7,,,
Mexico,Liga MX,2024/2025,15/05/2025,04:00,Tigres UANL,Toluca,1,1,D,1.97,3.34,4.38,2.08,3.34,4.4,1.97,3.24,4.14,2,3.45,4.5,,,
Mexico,Liga MX,2024/2025,16/05/2025,03:00,Cruz Azul,Club America,1,0,H,2.55,3.03,3.21,2.63,3.05,3.21,2.52,3,3.05,2.6,3.1,3.3,,,
Mexico,Liga MX,2024/2025,18/05/2025,02:00,Toluca,Tigres UANL,3,0,H,1.93,3.53,4.26,1.93,3.7,4.75,1.86,3.55,4.21,1.87,3.7,4.7,,,
Mexico,Liga MX,2024/2025,19/05/2025,02:15,Club America,Cruz Azul,2,1,H,1.95,3.52,4.22,1.98,3.6,4.52,1.91,3.46,4.06,2.02,3.6,4.3,,,
Mexico,Liga MX,2024/2025,23/05/2025,03:00,Club America,Toluca,0,0,D,1.78,3.91,4.6,1.84,3.91,5,1.78,3.73,4.42,1.87,3.85,4.7,,,
Mexico,Liga MX,2024/2025,26/05/2025,02:00,Toluca,Club America,2,0,H,3.08,3.07,2.55,3.15,3.25,2.64,2.98,3.07,2.52,3.15,3.2,2.64,,,
Mexico,Liga MX,2025/2026,12/07/2025,02:00,Puebla,Atlas,2,3,A,2.52,3.26,3.08,2.52,3.26,3.1,2.39,3.08,2.94,2.58,3.25,3.15,,,
Mexico,Liga MX,2025/2026,12/07/2025,04:00,Juarez,Club America,1,1,D,4.78,3.4,1.88,5.1,3.45,1.88,4.46,3.28,1.8,4.9,3.4,1.95,,,
Mexico,Liga MX,2025/2026,12/07/2025,04:05,Club Tijuana,Queretaro,1,0,H,1.55,4.48,5.9,1.55,4.5,6,1.5,4.24,5.44,1.57,4.7,6.2,,,
Mexico,Liga MX,2025/2026,13/07/2025,02:00,Santos Laguna,UNAM Pumas,3,0,H,2.86,3.31,2.62,2.88,3.4,2.63,2.68,3.23,2.49,2.92,3.45,2.62,,,
Mexico,Liga MX,2025/2026,13/07/2025,02:00,Toluca,Necaxa,3,1,H,1.54,4.53,5.91,1.55,4.53,6,1.51,4.21,5.39,1.57,4.7,6.4,,,
Mexico,Liga MX,2025/2026,13/07/2025,04:05,Cruz Azul,Mazatlan FC,0,0,D,1.2,7.27,14.11,1.23,7.27,15,1.2,6.12,12.45,1.25,6.6,17.5,,,
Mexico,Liga MX,2025/2026,14/07/2025,00:00,Pachuca,Monterrey,3,0,H,2.05,3.74,3.59,2.1,3.74,3.75,2.02,3.41,3.39,2.16,3.65,3.6,,,
Mexico,Liga MX,2025/2026,14/07/2025,02:00,Club Leon,Atl. San Luis,0,1,A,1.85,3.52,4.77,1.85,4,4.77,1.73,3.62,4.4,1.85,3.75,4.8,,,
Mexico,Liga MX,2025/2026,17/07/2025,02:00,Club America,Club Tijuana,3,1,H,1.36,5.46,8.31,1.36,6,10.5,1.3,5.21,8.11,1.34,5.9,11,,,
Mexico,Liga MX,2025/2026,17/07/2025,04:05,Santos Laguna,Toluca,2,4,A,3.38,3.8,2.1,5.25,4.2,2.12,3.44,3.63,1.95,3.6,3.75,2.12,,,
Mexico,Liga MX,2025/2026,19/07/2025,02:00,Necaxa,Queretaro,3,1,H,1.79,3.92,4.53,1.79,3.92,4.8,1.71,3.71,4.34,1.82,3.95,4.9,,,
Mexico,Liga MX,2025/2026,19/07/2025,04:00,Atl. San Luis,Monterrey,0,1,A,3.27,3.59,2.23,3.27,3.6,2.23,3.03,3.46,2.14,3.35,3.6,2.3,,,
Mexico,Liga MX,2025/2026,19/07/2025,04:05,Mazatlan FC,Puebla,2,1,H,2.37,3.16,3.4,2.37,3.3,3.45,2.21,3.1,3.2,2.24,3.2,3.8,,,
Mexico,Liga MX,2025/2026,20/07/2025,02:00,Club Leon,Guadalajara Chivas,1,0,H,3.39,3.26,2.31,3.39,3.35,2.35,2.99,3.23,2.25,3.35,3.35,2.38,,,
Mexico,Liga MX,2025/2026,20/07/2025,02:00,Tigres UANL,Juarez,1,0,H,1.42,4.63,8.57,1.42,4.63,9,1.38,4.31,7.75,1.46,4.6,9.6,,,
Mexico,Liga MX,2025/2026,20/07/2025,04:05,Atlas,Cruz Azul,3,3,D,5.05,3.93,1.71,5.05,3.93,1.78,4.3,3.69,1.72,4.8,3.8,1.84,,,
Mexico,Liga MX,2025/2026,20/07/2025,19:00,UNAM Pumas,Pachuca,2,3,A,3.16,3.32,2.41,3.16,3.4,2.41,2.94,3.24,2.29,3.2,3.35,2.52,,,
Mexico,Liga MX,2025/2026,26/07/2025,02:00,Puebla,Santos Laguna,1,0,H,2,3.73,3.75,2,3.73,3.8,1.92,3.51,3.59,2.02,3.8,4,,,
Mexico,Liga MX,2025/2026,26/07/2025,02:00,Queretaro,UNAM Pumas,0,2,A,4.08,3.51,1.98,4.33,3.51,1.98,3.99,3.3,1.88,4.8,3.4,1.99,,,
Mexico,Liga MX,2025/2026,26/07/2025,04:00,Club Tijuana,Juarez,1,1,D,2.18,3.29,3.79,2.18,3.6,3.79,1.99,3.43,3.45,2.12,3.65,3.85,,,
Mexico,Liga MX,2025/2026,27/07/2025,00:00,Pachuca,Mazatlan FC,1,0,H,1.4,4.96,8.35,1.43,4.96,9,1.37,4.58,7.54,1.42,5.1,9.6,,,
Mexico,Liga MX,2025/2026,27/07/2025,00:07,Guadalajara Chivas,Atl. San Luis,4,3,H,1.56,4,6.75,1.56,4.33,7.4,1.47,4.12,6.13,1.56,4.4,7.4,,,
Mexico,Liga MX,2025/2026,27/07/2025,02:00,Cruz Azul,Club Leon,4,1,H,1.52,4.61,6.1,1.52,4.61,6.5,1.45,4.43,5.98,1.47,4.9,7.8,,,
Mexico,Liga MX,2025/2026,27/07/2025,02:00,Monterrey,Atlas,3,1,H,1.49,4.69,6.6,1.49,4.75,7,1.42,4.51,6.34,1.48,5,7.6,,,
Mexico,Liga MX,2025/2026,27/07/2025,02:00,Toluca,Tigres UANL,3,4,A,1.7,3.53,5.11,1.88,3.65,5.11,1.79,3.53,4.14,1.94,3.7,4.5,,,
Mexico,Liga MX,2025/2026,27/07/2025,04:05,Necaxa,Club America,1,1,D,3.52,3.66,2.1,3.52,3.66,2.4,2.86,3.45,2.25,3,3.6,2.54,,,
Mexico,Liga MX,2025/2026,09/08/2025,04:00,Tigres UANL,Puebla,7,0,H,1.41,4.89,8.17,1.46,5.25,8.5,1.41,4.65,6.45,1.46,5,7.8,,,
Mexico,Liga MX,2025/2026,10/08/2025,02:00,Club America,Queretaro,1,0,H,1.2,6.92,14.63,1.22,6.5,15,1.19,6.11,13.2,1.22,7.2,20,,,
Mexico,Liga MX,2025/2026,10/08/2025,04:00,Mazatlan FC,Club Tijuana,2,2,D,2.84,3.34,2.63,3.2,3.4,2.45,2.9,3.25,2.31,3.2,3.4,2.44,,,
Mexico,Liga MX,2025/2026,10/08/2025,04:05,Atlas,Pachuca,0,3,A,4.17,3.72,1.9,3.6,3.6,2.05,3.41,3.49,1.99,3.75,3.65,2.16,,,
Mexico,Liga MX,2025/2026,11/08/2025,01:00,UNAM Pumas,Necaxa,1,1,D,2.09,3.56,3.65,1.96,3.6,4,1.91,3.47,3.68,1.97,3.7,4.3,,,
Mexico,Liga MX,2025/2026,11/08/2025,03:05,Santos Laguna,Guadalajara Chivas,1,0,H,4.91,4.17,1.68,5,4,1.71,4.53,3.85,1.66,5.5,4.1,1.71,,,
Mexico,Liga MX,2025/2026,12/08/2025,02:00,Club Leon,Monterrey,1,3,A,3.17,3.66,2.25,3.2,3.6,2.22,3.08,3.46,2.13,3.4,3.7,2.26,,,
Mexico,Liga MX,2025/2026,12/08/2025,04:00,Juarez,Toluca,0,2,A,3.83,3.74,1.98,3.95,3.7,2.05,3.54,3.56,1.93,3.9,3.7,2.06,,,
Mexico,Liga MX,2025/2026,12/08/2025,04:05,Atl. San Luis,Cruz Azul,1,2,A,4.28,3.97,1.82,4.5,3.9,1.78,4.23,3.75,1.72,4.7,4,1.8,,,
Mexico,Liga MX,2025/2026,16/08/2025,02:00,Puebla,Atl. San Luis,0,2,A,2.34,3.57,3.07,2.45,3.55,2.96,2.33,3.38,2.8,2.56,3.6,2.96,2.38,3.5,2.9
Mexico,Liga MX,2025/2026,16/08/2025,04:05,Necaxa,Club Leon,0,1,A,2,3.73,3.77,1.89,3.95,3.9,1.85,3.76,3.6,1.96,3.9,4.1,1.83,3.9,3.8
Mexico,Liga MX,2025/2026,17/08/2025,00:07,Guadalajara Chivas,Juarez,1,2,A,1.68,4.09,5.07,1.73,4,5.4,1.65,3.69,4.85,1.75,3.8,5.6,1.7,4,4.75
Mexico,Liga MX,2025/2026,17/08/2025,02:00,Cruz Azul,Santos Laguna,3,2,H,1.23,7.04,11.46,1.22,7,13,1.19,6.63,11.5,1.24,7.8,14,1.22,6.5,13
Mexico,Liga MX,2025/2026,17/08/2025,02:00,Pachuca,Club Tijuana,0,2,A,1.4,4.96,8.09,1.39,5.3,7.8,1.35,4.97,7.05,1.42,5.5,8.6,1.38,4.75,7.5
Mexico,Liga MX,2025/2026,17/08/2025,02:00,Tigres UANL,Club America,1,3,A,2.28,3.22,3.53,2.18,3.4,3.7,2.11,3.26,3.32,2.24,3.4,3.7,2.1,3.3,3.7
Mexico,Liga MX,2025/2026,17/08/2025,04:10,Toluca,UNAM Pumas,1,1,D,1.75,3.87,4.89,1.74,3.8,5,1.7,3.64,4.51,1.77,3.95,5.3,1.7,3.7,5
Mexico,Liga MX,2025/2026,17/08/2025,23:00,Queretaro,Atlas,3,3,D,3.08,3.29,2.47,3.14,3.35,2.38,2.98,3.23,2.29,3.2,3.35,2.48,3.1,3.25,2.35
Mexico,Liga MX,2025/2026,18/08/2025,01:00,Monterrey,Mazatlan FC,3,2,H,1.35,5.35,8.99,1.35,5.33,9.5,1.33,4.9,8.07,1.37,5.6,10.5,1.33,4.75,9.5
Mexico,Liga MX,2025/2026,23/08/2025,02:00,Juarez,Santos Laguna,2,1,H,1.63,4.13,5.48,1.65,4.1,5.33,1.6,3.95,4.92,1.69,4.2,5.7,1.65,4.1,5.25
Mexico,Liga MX,2025/2026,23/08/2025,02:00,Queretaro,Atl. San Luis,3,2,H,3.24,3.36,2.34,3.4,3.5,2.28,3.12,3.31,2.17,3.6,3.45,2.28,3.4,3.5,2.15
Mexico,Liga MX,2025/2026,23/08/2025,04:00,Club Tijuana,Guadalajara Chivas,3,3,D,3.08,3.64,2.3,3.25,3.75,2.2,3.03,3.52,2.13,3.35,3.65,2.26,3.25,3.6,2.15
Mexico,Liga MX,2025/2026,24/08/2025,00:00,Club Leon,Pachuca,1,1,D,3.22,3.43,2.32,3.4,3.6,2.15,3.17,3.46,2.08,3.55,3.6,2.22,3.4,3.5,2.1
Mexico,Liga MX,2025/2026,24/08/2025,02:00,Mazatlan FC,Tigres UANL,2,2,D,4.57,3.82,1.8,4.2,3.6,1.91,3.94,3.51,1.84,4.4,3.75,1.93,3.9,3.6,1.91
Mexico,Liga MX,2025/2026,24/08/2025,02:00,Monterrey,Necaxa,3,0,H,1.56,4.63,5.57,1.5,4.75,6.2,1.46,4.56,5.56,1.53,4.9,6.2,1.48,4.75,6
Mexico,Liga MX,2025/2026,24/08/2025,04:05,Cruz Azul,Toluca,1,0,H,2.21,3.74,3.18,2.16,3.8,3.35,2.06,3.62,3.1,2.22,3.85,3.35,2.15,3.6,3.1
Mexico,Liga MX,2025/2026,25/08/2025,00:00,UNAM Pumas,Puebla,0,0,D,1.65,3.92,5.74,1.67,4.1,5.6,1.61,3.76,5.18,1.69,4,5.9,1.65,4.1,5
Mexico,Liga MX,2025/2026,25/08/2025,02:05,Atlas,Club America,2,4,A,4.75,3.87,1.76,5.25,4.1,1.67,4.83,3.89,1.62,5.7,4.1,1.68,5.25,4.1,1.62
Mexico,Liga MX,2025/2026,30/08/2025,02:00,Atl. San Luis,Toluca,1,3,A,3.98,4.19,1.83,5.5,4.75,1.62,4.93,4.23,1.55,5.7,4.7,1.6,5,4.75,1.47
Mexico,Liga MX,2025/2026,30/08/2025,02:00,Juarez,Mazatlan FC,1,0,H,1.85,3.54,4.71,1.66,3.9,5.66,1.62,3.67,5.03,1.71,3.9,5.9,1.53,3.9,5.5
Mexico,Liga MX,2025/2026,30/08/2025,04:05,Puebla,Monterrey,2,4,A,4.29,3.76,1.86,4.1,3.75,1.93,3.81,3.54,1.86,4.1,3.7,2.02,3.75,3.75,1.86
Mexico,Liga MX,2025/2026,31/08/2025,00:00,Club Leon,Queretaro,3,0,H,1.62,4.04,5.79,1.61,4.1,5.75,1.56,3.9,5.39,1.65,4.2,6,1.53,4.1,5.75
Mexico,Liga MX,2025/2026,31/08/2025,02:00,Santos Laguna,Tigres UANL,0,1,A,6.35,4.63,1.51,7,4.75,1.47,6.27,4.51,1.42,7.2,4.8,1.5,6.5,4.75,1.41
Mexico,Liga MX,2025/2026,31/08/2025,02:07,Guadalajara Chivas,Cruz Azul,1,2,A,2.83,3.45,2.57,3.1,3.5,2.37,2.88,3.31,2.31,3.1,3.45,2.5,3.1,3.25,2.35
Mexico,Liga MX,2025/2026,31/08/2025,04:05,Club America,Pachuca,2,0,H,2,3.66,3.83,2.05,3.65,3.9,1.93,3.5,3.56,2.06,3.75,3.9,1.87,3.6,3.6
Mexico,Liga MX,2025/2026,31/08/2025,23:00,UNAM Pumas,Atlas,1,0,H,1.66,3.97,5.47,1.65,4,5.5,1.61,3.81,5.03,1.67,4,6,1.53,3.8,5.25
Mexico,Liga MX,2025/2026,01/09/2025,04:00,Club Tijuana,Necaxa,3,0,H,2.4,3.7,2.89,2.3,3.8,3,2.2,3.59,2.84,2.3,3.8,3.15,2.1,3.8,2.8
Mexico,Liga MX,2025/2026,13/09/2025,02:00,Necaxa,Juarez,1,1,D,2.04,3.51,3.85,2.18,3.5,3.45,2.1,3.33,3.28,2.24,3.45,3.6,2.1,3.5,3.3
Mexico,Liga MX,2025/2026,13/09/2025,04:00,Mazatlan FC,UNAM Pumas,1,4,A,3.54,3.29,2.23,3.4,3.4,2.22,3.26,3.2,2.15,3.65,3.35,2.26,3.3,3.4,2.15
Mexico,Liga MX,2025/2026,14/09/2025,00:00,Pachuca,Cruz Azul,0,1,A,2.93,3.53,2.45,2.75,3.5,2.5,2.67,3.35,2.42,2.94,3.6,2.56,2.75,3.4,2.45
Mexico,Liga MX,2025/2026,14/09/2025,02:00,Atlas,Santos Laguna,2,2,D,1.79,3.95,4.44,1.87,3.85,4.2,1.79,3.69,3.97,1.87,3.95,4.4,1.81,3.75,3.9
Mexico,Liga MX,2025/2026,14/09/2025,02:00,Tigres UANL,Club Leon,0,0,D,1.45,4.94,6.87,1.48,4.75,6.75,1.44,4.55,5.95,1.52,4.9,6.6,1.46,4.5,5.75
Mexico,Liga MX,2025/2026,14/09/2025,04:00,Toluca,Puebla,3,1,H,1.35,5.55,8.69,1.35,5.33,8.5,1.32,5.08,7.78,1.35,5.8,9.8,1.33,5.25,8
Mexico,Liga MX,2025/2026,14/09/2025,04:15,Club America,Guadalajara Chivas,1,2,A,1.7,3.91,5.15,1.71,4.2,5,1.67,3.79,4.56,1.76,4,5.2,1.66,4.2,4.5
Mexico,Liga MX,2025/2026,15/09/2025,00:00,Queretaro,Monterrey,0,1,A,6,4.2,1.58,5.5,4.1,1.65,4.97,3.91,1.6,5.6,4.1,1.7,4.75,4.1,1.62
Mexico,Liga MX,2025/2026,15/09/2025,02:00,Atl. San Luis,Club Tijuana,1,1,D,2.15,3.75,3.3,2.15,3.75,3.25,2.1,3.6,3.02,2.2,3.8,3.35,2.1,3.75,3.2
Mexico,Liga MX,2025/2026,18/09/2025,02:07,Guadalajara Chivas,Tigres UANL,0,0,D,2.3,3.46,3.24,2.4,3.6,3,2.3,3.33,2.86,2.54,3.4,3.05,2.4,3.25,3
Mexico,Liga MX,2025/2026,20/09/2025,02:00,Cruz Azul,Juarez,3,2,H,1.56,4.43,5.93,1.48,4.5,7,1.44,4.31,6.41,1.51,4.7,7.4,1.42,4.5,6.5
Mexico,Liga MX,2025/2026,20/09/2025,02:00,Necaxa,Puebla,1,0,H,1.83,3.82,4.43,1.76,3.9,4.75,1.73,3.67,4.25,1.8,4,4.9,1.68,3.75,4.75
Mexico,Liga MX,2025/2026,20/09/2025,04:00,Mazatlan FC,Atlas,1,1,D,2.3,3.53,3.18,2.26,3.6,3.1,2.21,3.4,2.95,2.42,3.55,3.2,2.2,3.6,3
Mexico,Liga MX,2025/2026,20/09/2025,04:05,Club Tijuana,Club Leon,5,0,H,1.92,4.02,3.78,1.91,4,3.8,1.86,3.83,3.5,1.94,4.1,4.1,1.86,3.9,3.8
Mexico,Liga MX,2025/2026,21/09/2025,00:00,Pachuca,Queretaro,0,2,A,1.34,5.45,9.01,1.35,5.75,9,1.32,4.9,8.3,1.36,5.8,10,1.33,5.75,7.5
Mexico,Liga MX,2025/2026,21/09/2025,02:00,UNAM Pumas,Tigres UANL,1,1,D,2.45,3.43,3,2.14,3.4,3.75,2.03,3.32,3.43,2.12,3.6,3.8,2.01,3.4,3.7
Mexico,Liga MX,2025/2026,21/09/2025,02:07,Guadalajara Chivas,Toluca,0,3,A,3.09,3.53,2.35,3.1,3.6,2.35,2.86,3.42,2.27,3.25,3.7,2.34,3,3.6,2.25
Mexico,Liga MX,2025/2026,21/09/2025,04:05,Monterrey,Club America,2,2,D,2.53,3.47,2.86,2.18,3.6,3.6,2.06,3.49,3.19,2.22,3.7,3.45,1.96,3.5,3.6
Mexico,Liga MX,2025/2026,22/09/2025,00:00,Santos Laguna,Atl. San Luis,1,4,A,2.54,3.71,2.71,2.55,3.65,2.66,2.45,3.5,2.55,2.62,3.7,2.78,2.45,3.6,2.55
Mexico,Liga MX,2025/2026,24/09/2025,02:00,Puebla,Pachuca,2,2,D,3.75,3.85,1.97,3.9,3.8,1.91,3.67,3.64,1.87,4,3.85,2,3.9,3.7,1.86
Mexico,Liga MX,2025/2026,24/09/2025,02:07,Guadalajara Chivas,Necaxa,3,1,H,1.86,3.75,4.3,2.05,3.7,3.7,1.95,3.54,3.45,2.1,3.65,3.95,1.96,3.7,3.6
Mexico,Liga MX,2025/2026,24/09/2025,04:00,Juarez,UNAM Pumas,3,1,H,2.87,3.12,2.74,3,3.25,2.74,2.8,3.1,2.48,3.1,3.3,2.58,3,3.1,2.35
Mexico,Liga MX,2025/2026,24/09/2025,04:05,Club Leon,Mazatlan FC,2,2,D,1.77,3.95,4.6,1.68,4.2,5,1.64,3.91,4.63,1.72,4.3,5.1,1.62,4.2,4.5
Mexico,Liga MX,2025/2026,25/09/2025,01:00,Cruz Azul,Queretaro,2,2,D,1.23,6.72,12.57,1.32,6,11,1.27,5.44,9.16,1.34,5.9,10,1.27,5.75,8
Mexico,Liga MX,2025/2026,25/09/2025,02:00,Tigres UANL,Atlas,2,0,H,1.38,5.25,8.28,1.4,5.25,8,1.33,5.02,7.38,1.4,5.4,8.6,1.3,5.25,7.5
Mexico,Liga MX,2025/2026,25/09/2025,03:00,Toluca,Monterrey,6,2,H,1.65,4.15,5.26,1.56,4.5,5.7,1.51,4.37,5.09,1.59,4.6,5.9,1.49,4.5,5.5
Mexico,Liga MX,2025/2026,25/09/2025,04:00,Atl. San Luis,Club America,0,1,A,4.8,4.05,1.72,4.75,4.1,1.7,4.49,3.93,1.64,5.3,4.1,1.74,4.75,4,1.61
Mexico,Liga MX,2025/2026,25/09/2025,04:00,Santos Laguna,Club Tijuana,1,0,H,3.19,3.94,2.14,3.3,4,2.1,3.13,3.71,2.02,3.3,4,2.16,3.1,3.75,2.01
Mexico,Liga MX,2025/2026,27/09/2025,02:00,Juarez,Club Leon,2,0,H,2.02,3.67,3.76,2.2,3.6,3.55,2.07,3.38,3.3,2.24,3.5,3.6,2.15,3.3,3.3
Mexico,Liga MX,2025/2026,28/09/2025,00:00,Atlas,Necaxa,3,2,H,3.8,3.71,1.99,3.9,3.75,2,3.52,3.58,1.91,4,3.8,2,3.9,3.6,1.86
Mexico,Liga MX,2025/2026,28/09/2025,00:00,Pachuca,Atl. San Luis,2,1,H,1.75,4.14,4.46,1.73,4.2,4.6,1.65,3.99,4.34,1.75,4.2,4.8,1.66,4.1,4.2
Mexico,Liga MX,2025/2026,28/09/2025,00:00,Puebla,Guadalajara Chivas,0,2,A,3.64,3.48,2.12,3.5,3.5,2.12,3.26,3.36,2.08,3.8,3.5,2.18,3.4,3.5,2.05
Mexico,Liga MX,2025/2026,28/09/2025,02:00,Monterrey,Santos Laguna,1,0,H,1.31,6.15,9.09,1.29,6.5,9.5,1.26,5.76,8.6,1.3,6.6,10.5,1.24,6.5,8
Mexico,Liga MX,2025/2026,28/09/2025,02:00,Toluca,Mazatlan FC,3,1,H,1.22,7.28,11.54,1.26,7,11.5,1.21,6.35,10.17,1.27,7.2,12,1.22,7,9.5
Mexico,Liga MX,2025/2026,28/09/2025,04:05,Club America,UNAM Pumas,4,1,H,1.77,3.71,4.97,1.75,3.9,5.33,1.69,3.65,4.6,1.81,3.75,5.2,1.68,3.9,4.5
Mexico,Liga MX,2025/2026,29/09/2025,00:00,Queretaro,Tigres UANL,0,2,A,5.39,3.93,1.68,5.25,4,1.66,5.05,3.74,1.61,5.6,4,1.72,5,3.9,1.61
Mexico,Liga MX,2025/2026,29/09/2025,04:05,Club Tijuana,Cruz Azul,2,0,H,3.18,4.05,2.11,3.2,4,2.1,3.03,3.8,2.03,3.2,4.2,2.16,3,3.9,2.05
Mexico,Liga MX,2025/2026,04/10/2025,02:00,Necaxa,Pachuca,0,1,A,2.49,3.73,2.75,2.55,3.7,2.7,2.44,3.54,2.54,2.56,3.75,2.82,2.4,3.7,2.57
Mexico,Liga MX,2025/2026,04/10/2025,04:00,Mazatlan FC,Atl. San Luis,2,1,H,2.53,3.42,2.89,2.55,3.5,2.75,2.43,3.39,2.64,2.74,3.55,2.78,2.4,3.5,2.65
Mexico,Liga MX,2025/2026,04/10/2025,04:05,Atlas,Juarez,3,1,H,3.07,3.5,2.37,2.92,3.6,2.38,2.83,3.41,2.29,3.2,3.55,2.42,2.82,3.5,2.3
Mexico,Liga MX,2025/2026,05/10/2025,00:00,Queretaro,Puebla,3,1,H,3.11,3.38,2.4,2.92,3.35,2.5,2.79,3.18,2.42,3.05,3.3,2.64,2.85,3.1,2.45
Mexico,Liga MX,2025/2026,05/10/2025,02:00,Club Leon,Toluca,2,4,A,5.06,4.67,1.6,5.1,4.75,1.6,4.73,4.54,1.54,5.5,5,1.6,5,4.75,1.51
Mexico,Liga MX,2025/2026,05/10/2025,02:00,Tigres UANL,Cruz Azul,1,1,D,2.07,3.66,3.58,2.15,3.6,3.4,2.07,3.46,3.2,2.14,3.7,3.65,2.01,3.5,3.4
Mexico,Liga MX,2025/2026,05/10/2025,04:05,Club America,Santos Laguna,3,0,H,1.19,7.82,13.32,1.2,7.5,15,1.17,6.96,12.63,1.21,8.2,15,1.15,7.5,13
Mexico,Liga MX,2025/2026,06/10/2025,02:00,UNAM Pumas,Guadalajara Chivas,1,2,A,2.33,3.27,3.36,2.5,3.35,3.05,2.37,3.2,2.84,2.56,3.4,3,2.45,3.2,2.85
Mexico,Liga MX,2025/2026,06/10/2025,04:05,Club Tijuana,Monterrey,2,2,D,2.7,3.84,2.49,2.88,3.65,2.42,2.74,3.51,2.29,2.9,3.7,2.54,2.57,3.4,2.2
Mexico,Liga MX,2025/2026,18/10/2025,02:00,Puebla,Club Tijuana,4,3,H,2.34,3.44,3.18,2.6,3.4,2.75,2.51,3.29,2.63,2.68,3.4,2.86,2.57,3.3,2.65
Mexico,Liga MX,2025/2026,18/10/2025,04:00,Atl. San Luis,Atlas,2,0,H,1.84,4.02,4.11,1.84,3.95,4.1,1.79,3.79,3.86,1.91,3.95,4.2,1.79,3.9,4.1
Mexico,Liga MX,2025/2026,18/10/2025,04:00,Tigres UANL,Necaxa,5,3,H,1.57,4.55,5.55,1.53,4.6,6.25,1.49,4.36,5.5,1.57,4.6,6.2,1.45,4.5,6.25
Mexico,Liga MX,2025/2026,19/10/2025,00:00,Juarez,Pachuca,2,2,D,2.6,3.32,2.88,2.56,3.45,2.83,2.48,3.26,2.67,2.64,3.4,3,2.5,3.25,2.75
Mexico,Liga MX,2025/2026,19/10/2025,00:00,Santos Laguna,Club Leon,2,0,H,2.64,3.86,2.53,2.75,3.75,2.5,2.58,3.63,2.39,2.76,3.85,2.56,2.5,3.6,2.5
Mexico,Liga MX,2025/2026,19/10/2025,00:00,Toluca,Queretaro,4,0,H,1.22,7.23,11.28,1.22,7,13,1.19,6.68,11.09,1.24,7.8,13,1.19,6.5,11
Mexico,Liga MX,2025/2026,19/10/2025,02:00,Monterrey,UNAM Pumas,1,1,D,1.7,3.88,5.22,1.66,4,5.25,1.62,3.84,4.88,1.7,4.1,5.6,1.61,3.9,5.25
Mexico,Liga MX,2025/2026,19/10/2025,02:07,Guadalajara Chivas,Mazatlan FC,2,0,H,1.4,5.1,7.92,1.35,5.25,8.5,1.33,4.95,7.81,1.39,5.4,9.6,1.3,5.25,8
Mexico,Liga MX,2025/2026,19/10/2025,04:05,Cruz Azul,Club America,2,1,H,2.91,3.5,2.48,3,3.55,2.36,2.84,3.4,2.28,3.15,3.55,2.4,2.95,3.4,2.25
Mexico,Liga MX,2025/2026,22/10/2025,02:00,Club America,Puebla,2,1,H,1.28,6.16,10.16,1.24,6.5,12,1.22,5.96,10.97,1.28,6.6,13,1.19,6.5,11
Mexico,Liga MX,2025/2026,22/10/2025,02:00,Necaxa,Cruz Azul,1,1,D,4.01,3.96,1.88,3.35,3.8,2.18,3.18,3.61,2.04,3.3,3.75,2.28,3.05,3.8,2.1
Mexico,Liga MX,2025/2026,22/10/2025,04:00,Mazatlan FC,Santos Laguna,2,2,D,2.04,3.68,3.68,2.15,3.6,3.4,2.07,3.5,3.16,2.26,3.65,3.4,2.1,3.6,3.05
Mexico,Liga MX,2025/2026,22/10/2025,04:05,Monterrey,Juarez,4,2,H,1.63,4.26,5.26,1.55,4.5,5.8,1.53,4.17,5.35,1.6,4.6,6,1.51,4.5,5.5
Mexico,Liga MX,2025/2026,23/10/2025,02:00,Pachuca,Tigres UANL,1,2,A,2.88,3.35,2.58,2.96,3.6,2.45,2.74,3.37,2.38,3,3.5,2.56,2.7,3.6,2.35
Mexico,Liga MX,2025/2026,23/10/2025,02:00,Queretaro,Guadalajara Chivas,1,0,H,5.05,3.75,1.75,5.25,3.75,1.7,4.81,3.65,1.67,5.7,3.9,1.74,5.25,3.7,1.66
Mexico,Liga MX,2025/2026,23/10/2025,04:00,Atlas,Club Leon,2,0,H,2.75,3.62,2.55,2.57,3.8,2.72,2.51,3.49,2.52,2.7,3.6,2.78,2.5,3.5,2.57
Mexico,Liga MX,2025/2026,23/10/2025,04:00,Club Tijuana,Toluca,0,0,D,3.04,3.83,2.25,3.2,4,2.2,3,3.74,2.08,3.2,4,2.2,3.2,3.6,2.1
Mexico,Liga MX,2025/2026,23/10/2025,04:05,UNAM Pumas,Atl. San Luis,0,1,A,1.88,3.81,4.18,1.91,3.7,4,1.85,3.54,3.82,1.97,3.7,4.4,1.86,3.7,3.8
Mexico,Liga MX,2025/2026,25/10/2025,02:00,Juarez,Puebla,4,4,D,1.68,3.86,5.01,1.58,4.2,6.5,1.52,4.01,5.66,1.61,4.3,6.6,1.49,4.1,6
Mexico,Liga MX,2025/2026,25/10/2025,04:00,Mazatlan FC,Club America,2,2,D,6.35,4.61,1.47,5,4.2,1.7,4.63,3.99,1.63,5.3,4,1.76,4.75,3.9,1.66
Mexico,Liga MX,2025/2026,26/10/2025,00:00,Tigres UANL,Club Tijuana,2,0,H,1.46,4.72,6.22,1.54,4.4,5.75,1.51,4.29,5.41,1.58,4.7,6.2,1.49,4.33,5.75
Mexico,Liga MX,2025/2026,26/10/2025,01:00,Club Leon,UNAM Pumas,1,1,D,2.51,3.56,2.7,3.5,3.55,2.15,3.3,3.4,2.06,3.75,3.55,2.18,3.05,3.5,2.15
Mexico,Liga MX,2025/2026,26/10/2025,01:07,Guadalajara Chivas,Atlas,4,1,H,1.48,4.61,6.03,1.52,4.5,6.5,1.48,4.15,5.94,1.53,4.5,6.8,1.45,4.5,6
Mexico,Liga MX,2025/2026,26/10/2025,03:05,Cruz Azul,Monterrey,2,0,H,1.93,3.46,4.06,1.95,4,4,1.83,3.82,3.66,1.91,4,4.1,1.81,4,3.8
Mexico,Liga MX,2025/2026,26/10/2025,23:00,Santos Laguna,Queretaro,3,1,H,2.06,3.61,3.48,2.25,3.6,3.25,2.13,3.44,3.08,2.3,3.65,3.35,2.2,3.5,3.05
Mexico,Liga MX,2025/2026,27/10/2025,01:00,Atl. San Luis,Necaxa,3,4,A,2.56,3.48,2.69,2.33,3.7,3.2,2.18,3.48,2.97,2.32,3.8,3.15,2.1,3.6,3.2
Mexico,Liga MX,2025/2026,27/10/2025,01:00,Toluca,Pachuca,2,2,D,1.63,4.38,4.64,1.55,4.75,5.5,1.5,4.43,5.17,1.54,5,6.2,1.46,4.75,5.5
Mexico,Liga MX,2025/2026,01/11/2025,01:00,Necaxa,Santos Laguna,4,1,H,,,,1.49,5,6.33,1.44,4.7,5.64,1.5,5.3,6.6,1.41,4.75,6.25
Mexico,Liga MX,2025/2026,01/11/2025,03:00,Atl. San Luis,Juarez,1,2,A,,,,2.3,3.5,3.25,2.25,3.3,2.98,2.4,3.45,3.3,2.2,3.25,3.25
Mexico,Liga MX,2025/2026,01/11/2025,03:05,Puebla,Cruz Azul,0,3,A,,,,5.33,4,1.7,4.83,3.86,1.62,5.9,4.1,1.66,4.75,3.8,1.66
Mexico,Liga MX,2025/2026,01/11/2025,23:00,Atlas,Toluca,0,0,D,,,,5.1,4.5,1.62,4.76,4.22,1.57,5.2,4.5,1.67,4.75,4.33,1.57
Mexico,Liga MX,2025/2026,02/11/2025,01:05,Monterrey,Tigres UANL,1,1,D,,,,2.65,3.5,2.71,2.56,3.28,2.57,2.86,3.45,2.74,2.65,3.25,2.65
Mexico,Liga MX,2025/2026,02/11/2025,03:10,Club America,Club Leon,2,0,H,,,,1.35,5.5,10,1.31,5.12,8.09,1.34,5.9,10.5,1.3,5,9
Mexico,Liga MX,2025/2026,02/11/2025,18:00,UNAM Pumas,Club Tijuana,4,1,H,,,,1.58,4.25,5.75,1.55,4.13,5.17,1.59,4.6,6,1.53,4.2,5.75
Mexico,Liga MX,2025/2026,02/11/2025,23:00,Queretaro,Mazatlan FC,1,0,H,,,,2.22,3.5,3.25,2.16,3.31,3.12,2.34,3.5,3.4,2.15,3.3,3.25
Mexico,Liga MX,2025/2026,03/11/2025,01:00,Pachuca,Guadalajara Chivas,0,1,A,,,,3.05,3.5,2.52,2.76,3.31,2.4,3.1,3.45,2.54,3.05,3.2,2.35
Mexico,Liga MX,2025/2026,08/11/2025,01:00,Juarez,Queretaro,1,2,A,,,,1.58,4.2,6.5,1.52,3.93,5.91,1.58,4.4,6.4,1.51,3.9,6.5
Mexico,Liga MX,2025/2026,08/11/2025,03:00,Club Tijuana,Atlas,2,0,H,,,,1.7,4.2,4.75,1.66,4.04,4.32,1.75,4.4,4.8,1.66,3.9,4.75
Mexico,Liga MX,2025/2026,08/11/2025,03:00,Mazatlan FC,Necaxa,1,1,D,,,,3.75,3.8,2,3.36,3.7,1.94,3.7,3.95,2.08,3.75,3.7,1.91
Mexico,Liga MX,2025/2026,08/11/2025,23:00,Tigres UANL,Atl. San Luis,3,1,H,,,,1.34,5.5,9,1.3,5.28,8.25,1.36,5.7,9.6,1.3,5.25,9
Mexico,Liga MX,2025/2026,08/11/2025,23:07,Guadalajara Chivas,Monterrey,4,2,H,,,,2,3.7,3.9,1.91,3.61,3.56,1.99,3.75,4.1,1.86,3.7,3.9
Mexico,Liga MX,2025/2026,09/11/2025,01:00,Club Leon,Puebla,1,2,A,,,,1.87,4,4.2,1.79,3.74,3.88,1.88,3.95,4.4,1.76,4,4
Mexico,Liga MX,2025/2026,09/11/2025,01:00,Toluca,Club America,2,0,H,,,,2.45,3.7,2.74,2.39,3.5,2.63,2.56,3.7,2.86,2.45,3.5,2.65
Mexico,Liga MX,2025/2026,09/11/2025,03:05,Cruz Azul,UNAM Pumas,2,3,A,,,,1.8,4,4.5,1.75,3.74,4.11,1.85,4.2,4.4,1.79,3.8,4.1
Mexico,Liga MX,2025/2026,09/11/2025,23:00,Santos Laguna,Pachuca,1,0,H,,,,4.5,4.5,1.68,4.26,4.14,1.64,4.5,4.4,1.77,4.5,4.5,1.57
Mexico,Liga MX,2025/2026,21/11/2025,01:00,Pachuca,UNAM Pumas,3,1,H,,,,2.07,3.6,4,1.99,3.34,3.58,2.08,3.5,4.1,1.91,3.4,3.8
Mexico,Liga MX,2025/2026,21/11/2025,03:00,Club Tijuana,Juarez,3,1,H,,,,2.2,3.5,3.4,2.14,3.31,3.18,2.26,3.5,3.55,2.15,3.2,3.3
Mexico,Liga MX,2025/2026,27/11/2025,01:00,Juarez,Toluca,1,2,A,,,,3.7,3.45,2.05,3.51,3.32,2,3.85,3.6,2.12,3.7,3.4,2.01
Mexico,Liga MX,2025/2026,27/11/2025,03:05,Monterrey,Club America,2,0,H,,,,2.76,3.3,2.71,2.66,3.16,2.55,2.84,3.3,2.74,2.75,3.2,2.65
Mexico,Liga MX,2025/2026,27/11/2025,05:00,Club Tijuana,Tigres UANL,3,0,H,,,,3.5,3.45,2.25,3.25,3.26,2.12,3.5,3.4,2.28,3.3,3.3,2.15
Mexico,Liga MX,2025/2026,28/11/2025,02:07,Guadalajara Chivas,Cruz Azul,0,0,D,,,,2.23,3.5,3.35,2.18,3.28,3.12,2.28,3.45,3.55,2.15,3.3,3.3
Mexico,Liga MX,2025/2026,29/11/2025,23:00,Club America,Monterrey,2,1,H,,,,1.5,4.8,6.5,1.45,4.46,5.95,1.47,5.1,7.2,1.42,4.5,6.5
Mexico,Liga MX,2025/2026,30/11/2025,01:05,Toluca,Juarez,0,0,D,,,,1.32,5.66,10,1.3,5.27,8.14,1.34,6,10,1.27,5.5,9.5
Mexico,Liga MX,2025/2026,30/11/2025,03:10,Tigres UANL,Club Tijuana,5,0,H,,,,1.33,5.33,9,1.31,5.13,8.02,1.36,5.9,9.6,1.3,5,9
Mexico,Liga MX,2025/2026,01/12/2025,01:00,Cruz Azul,Guadalajara Chivas,3,2,H,,,,2.16,3.5,3.6,2.06,3.3,3.39,2.24,3.5,3.65,2.05,3.2,3.6
Mexico,Liga MX,2025/2026,04/12/2025,01:00,Cruz Azul,Tigres UANL,1,1,D,,,,2.3,3.3,3.5,2.23,3.13,3.16,2.36,3.3,3.5,2.2,3.05,3.5
Mexico,Liga MX,2025/2026,04/12/2025,03:10,Monterrey,Toluca,1,0,H,,,,2.68,3.6,2.6,2.59,3.44,2.46,2.78,3.55,2.74,2.57,3.4,2.55
Mexico,Liga MX,2025/2026,07/12/2025,01:00,Toluca,Monterrey,3,2,H,,,,1.45,5.33,7,1.39,4.8,6.3,1.45,5.4,7.8,1.33,5.25,7
Mexico,Liga MX,2025/2026,07/12/2025,03:10,Tigres UANL,Cruz Azul,1,1,D,,,,1.94,3.7,4.1,1.88,3.42,3.84,1.92,3.65,4.5,1.86,3.5,4.1
Mexico,Liga MX,2025/2026,12/12/2025,02:00,Tigres UANL,Toluca,1,0,H,,,,2.15,3.4,4.2,2.03,3.24,3.56,2.14,3.45,3.9,2.05,3.3,3.7
Mexico,Liga MX,2025/2026,15/12/2025,01:00,Toluca,Tigres UANL,2,1,H,,,,1.91,4.6,6.25,1.55,4.09,5.3,1.59,4.6,6.2,1.49,4.2,6.25
Mexico,Liga MX,2025/2026,12/01/2026,01:00,Atl. San Luis,Tigres UANL,1,2,A,,,,3.2,3.4,2.32,3,3.3,2.22,3.2,3.55,2.4,3.1,3.4,2.25
Mexico,Liga MX,2025/2026,11/01/2026,18:00,UNAM Pumas,Queretaro,1,1,D,,,,1.8,3.65,5.5,1.71,3.45,4.74,1.85,3.6,5.2,1.76,3.4,4.75
Mexico,Liga MX,2025/2026,11/01/2026,03:05,Monterrey,Toluca,0,1,A,,,,2.1,3.95,3.7,1.99,3.47,3.42,2.18,3.65,3.6,1.96,3.5,3.4
Mexico,Liga MX,2025/2026,11/01/2026,01:00,Club Leon,Cruz Azul,2,1,H,,,,5,4,1.72,4.57,3.71,1.68,5.2,4,1.76,5,3.75,1.66
Mexico,Liga MX,2025/2026,11/01/2026,01:00,Santos Laguna,Necaxa,1,3,A,,,,3.45,3.75,2.2,3.09,3.54,2.08,3.35,3.8,2.22,3,3.75,2.15
Mexico,Liga MX,2025/2026,10/01/2026,23:07,Guadalajara Chivas,Pachuca,2,0,H,,,,1.71,4.2,5.25,1.62,3.93,4.71,1.66,4.3,5.6,1.57,4.2,5.25
Mexico,Liga MX,2025/2026,10/01/2026,03:00,Atlas,Puebla,1,0,H,,,,2.42,3.3,3.2,2.27,3.2,3,2.4,3.35,3.35,2.25,3.3,3.2
Mexico,Liga MX,2025/2026,10/01/2026,03:00,Club Tijuana,Club America,0,0,D,,,,3.6,3.6,2.15,3.34,3.39,2.04,3.65,3.55,2.2,3.4,3.4,2.15
Mexico,Liga MX,2025/2026,10/01/2026,01:00,Mazatlan FC,Juarez,1,2,A,,,,3.05,3.15,2.6,2.81,3.06,2.48,3.15,3.2,2.6,2.85,3.1,2.57
Mexico,Liga MX,2025/2026,13/01/2026,23:00,Puebla,Mazatlan FC,2,1,H,,,,1.95,3.9,5,1.69,3.66,4.59,1.72,3.95,5.8,1.76,3.7,4.5
Mexico,Liga MX,2025/2026,14/01/2026,01:00,Necaxa,Monterrey,0,2,A,,,,2.62,3.65,2.7,2.44,3.45,2.59,2.62,3.65,2.86,2.45,3.5,2.65
Mexico,Liga MX,2025/2026,14/01/2026,01:06,Pachuca,Club Leon,2,1,H,,,,1.86,3.85,4.5,1.81,3.57,4.01,1.9,3.7,4.7,1.86,3.5,4.2
Mexico,Liga MX,2025/2026,14/01/2026,03:10,Juarez,Guadalajara Chivas,0,1,A,,,,5,3.5,1.78,4.62,3.42,1.73,5.3,3.7,1.8,4.75,3.5,1.68
Mexico,Liga MX,2025/2026,14/01/2026,23:00,Cruz Azul,Atlas,2,0,H,,,,1.39,5.3,8.6,1.34,4.78,7.71,1.41,5.3,9,1.37,4.33,8.5
Mexico,Liga MX,2025/2026,15/01/2026,01:00,Queretaro,Club Tijuana,1,2,A,,,,2.75,3.25,2.85,2.58,3.15,2.63,2.66,3.35,2.96,2.5,3.2,2.85
Mexico,Liga MX,2025/2026,15/01/2026,01:05,Club America,Atl. San Luis,0,2,A,,,,1.5,4.7,7.5,1.44,4.29,6.3,1.51,4.5,7.6,1.46,4.2,6.5
Mexico,Liga MX,2025/2026,15/01/2026,03:06,Tigres UANL,UNAM Pumas,0,1,A,,,,1.65,4,6.33,1.58,3.74,5.41,1.64,4.2,6.2,1.57,3.75,5.75
Mexico,Liga MX,2025/2026,15/01/2026,03:10,Toluca,Santos Laguna,3,1,H,,,,1.21,8,16.5,1.17,7.07,11.47,1.2,9.4,14.5,1.15,8,12
Mexico,Liga MX,2025/2026,17/01/2026,03:00,Mazatlan FC,Monterrey,1,5,A,,,,6.33,4.5,1.56,5.49,4.2,1.5,6.6,4.8,1.53,5.25,4.2,1.56
Mexico,Liga MX,2025/2026,17/01/2026,23:00,Necaxa,Atlas,0,1,A,,,,1.86,3.75,4.2,1.81,3.59,3.98,1.93,3.75,4.5,1.86,3.6,4.1
Mexico,Liga MX,2025/2026,17/01/2026,23:07,Guadalajara Chivas,Queretaro,2,1,H,,,,1.32,5.5,12,1.27,5.14,9.64,1.32,5.8,12.5,1.25,5.5,12
Mexico,Liga MX,2025/2026,18/01/2026,01:00,Tigres UANL,Toluca,0,0,D,,,,2.28,3.5,3.6,2.11,3.32,3.23,2.2,3.6,3.6,2.1,3.3,3.4
Mexico,Liga MX,2025/2026,18/01/2026,03:05,Cruz Azul,Puebla,1,0,H,,,,1.55,4.33,6.25,1.51,4.14,5.5,1.6,4.6,6,1.53,4.33,5.25
Mexico,Liga MX,2025/2026,18/01/2026,03:06,Club Tijuana,Atl. San Luis,1,1,D,,,,1.98,3.6,3.8,1.93,3.44,3.6,2.02,3.8,4,1.91,3.6,3.75
Mexico,Liga MX,2025/2026,18/01/2026,18:00,UNAM Pumas,Club Leon,1,1,D,,,,2.2,3.6,3.4,2.09,3.36,3.22,2.26,3.55,3.5,2.1,3.5,3.25
Mexico,Liga MX,2025/2026,18/01/2026,23:00,Santos Laguna,Juarez,2,2,D,,,,3.2,3.4,2.38,3.03,3.29,2.21,3.35,3.55,2.32,3.2,3.4,2.15
Mexico,Liga MX,2025/2026,19/01/2026,01:06,Pachuca,Club America,0,0,D,,,,3.3,3.35,2.5,3.02,3.06,2.34,3.2,3.2,2.62,3.1,3.1,2.4
Mexico,Liga MX,2025/2026,31/01/2026,01:00,Puebla,Toluca,0,0,D,,,,7.5,4.5,1.49,6.67,4.29,1.43,7,5,1.52,6.5,4.33,1.46
Mexico,Liga MX,2025/2026,31/01/2026,03:00,UNAM Pumas,Santos Laguna,4,0,H,,,,1.56,4.5,5.8,1.51,4.27,5.49,1.56,4.8,6.2,1.46,4.5,5.75
Mexico,Liga MX,2025/2026,31/01/2026,03:06,Juarez,Cruz Azul,3,4,A,,,,3.75,3.6,2.08,3.43,3.38,2.02,3.85,3.65,2.12,3.4,3.6,2.01
Mexico,Liga MX,2025/2026,31/01/2026,22:00,Club America,Necaxa,2,0,H,,,,1.5,4.2,7.5,1.45,4.08,6.78,1.53,4.4,7.8,1.46,4,7
Mexico,Liga MX,2025/2026,31/01/2026,23:00,Atl. San Luis,Guadalajara Chivas,2,3,A,,,,5,3.7,1.83,4.51,3.56,1.73,5.2,3.85,1.81,5,3.6,1.68
Mexico,Liga MX,2025/2026,31/01/2026,23:00,Atlas,Mazatlan FC,1,0,H,,,,1.85,3.75,5,1.76,3.57,4.35,1.87,3.75,4.7,1.76,3.75,4.5
Mexico,Liga MX,2025/2026,01/02/2026,01:00,Monterrey,Club Tijuana,2,2,D,,,,1.7,4,5.1,1.64,3.85,4.75,1.7,4.2,5.3,1.62,3.9,5
Mexico,Liga MX,2025/2026,01/02/2026,01:10,Club Leon,Tigres UANL,1,2,A,,,,3.6,3.5,2.06,3.46,3.42,2,3.85,3.7,2.1,3.6,3.5,2.01
Mexico,Liga MX,2025/2026,01/02/2026,23:00,Queretaro,Pachuca,0,0,D,,,,3.5,3.5,2.2,3.21,3.27,2.16,3.45,3.45,2.32,3.25,3.4,2.2
Mexico,Liga MX,2025/2026,07/02/2026,01:00,Necaxa,Atl. San Luis,4,1,H,,,,2.55,3.4,2.9,2.46,3.23,2.75,2.66,3.35,3,2.45,3.4,2.75
Mexico,Liga MX,2025/2026,07/02/2026,01:00,Tigres UANL,Santos Laguna,5,1,H,,,,1.29,6.25,10.5,1.26,5.73,9.38,1.3,6.8,11,1.25,6.25,9.5
Mexico,Liga MX,2025/2026,07/02/2026,03:06,Club Tijuana,Puebla,0,0,D,,,,1.7,4,5.2,1.65,3.87,4.63,1.75,4.1,5,1.66,4,4.75
Mexico,Liga MX,2025/2026,07/02/2026,03:06,Mazatlan FC,Guadalajara Chivas,1,2,A,,,,7.5,5,1.42,7.1,4.6,1.38,8.4,5.4,1.42,7.5,4.5,1.39
Mexico,Liga MX,2025/2026,07/02/2026,23:00,Queretaro,Club Leon,2,0,H,,,,2.75,3.3,2.57,2.7,3.19,2.51,2.94,3.35,2.7,2.75,3.25,2.5
Mexico,Liga MX,2025/2026,07/02/2026,23:00,Toluca,Cruz Azul,1,1,D,,,,1.91,3.85,4.25,1.84,3.51,3.96,1.97,3.8,4.2,1.91,3.4,4.2
Mexico,Liga MX,2025/2026,08/02/2026,01:05,Atlas,UNAM Pumas,2,2,D,,,,2.85,3.13,2.7,2.73,3.05,2.59,2.86,3.35,2.82,2.75,3.1,2.65
Mexico,Liga MX,2025/2026,08/02/2026,01:06,Pachuca,Juarez,2,0,H,,,,2.02,3.5,4,1.95,3.33,3.7,2.1,3.55,4,1.96,3.5,3.7
Mexico,Liga MX,2025/2026,08/02/2026,03:10,Club America,Monterrey,1,0,H,,,,1.85,3.7,4.75,1.75,3.58,4.36,1.83,3.95,4.8,1.76,3.7,4.5
Mexico,Liga MX,2025/2026,14/02/2026,01:00,Puebla,UNAM Pumas,2,3,A,,,,2.65,3.3,2.75,2.54,3.17,2.64,2.68,3.4,2.88,2.5,3.3,2.75
Mexico,Liga MX,2025/2026,14/02/2026,03:05,Toluca,Club Tijuana,1,0,H,,,,1.3,7,15,1.21,5.95,10.88,1.25,7.6,13,1.15,6.5,15
Mexico,Liga MX,2025/2026,14/02/2026,23:00,Atl. San Luis,Queretaro,3,0,H,,,,2,3.5,4,1.93,3.36,3.7,2.06,3.7,3.95,1.91,3.5,3.9
Mexico,Liga MX,2025/2026,14/02/2026,23:00,Pachuca,Atlas,3,1,H,,,,1.78,3.66,5.2,1.71,3.49,4.68,1.84,3.75,5.1,1.71,3.5,4.75
Mexico,Liga MX,2025/2026,15/02/2026,01:00,Monterrey,Club Leon,1,0,H,,,,1.57,4.3,5.8,1.53,4.13,5.26,1.63,4.5,5.8,1.53,4.1,5.75
Mexico,Liga MX,2025/2026,15/02/2026,01:06,Juarez,Necaxa,1,2,A,,,,2.25,3.4,3.7,2.12,3.23,3.28,2.18,3.6,3.75,2.05,3.3,3.7
Mexico,Liga MX,2025/2026,15/02/2026,03:07,Guadalajara Chivas,Club America,1,0,H,,,,2.25,3.5,3.3,2.19,3.21,3.14,2.28,3.6,3.3,2.15,3.4,3.25
Mexico,Liga MX,2025/2026,15/02/2026,22:30,Cruz Azul,Tigres UANL,2,1,H,,,,2.3,3.4,3.25,2.2,3.22,3.12,2.28,3.45,3.6,2.15,3.25,3.25
Mexico,Liga MX,2025/2026,15/02/2026,23:00,Santos Laguna,Mazatlan FC,1,2,A,,,,1.89,3.8,4.33,1.81,3.67,3.92,1.86,4,4.4,1.79,3.75,4.33
Mexico,Liga MX,2025/2026,21/02/2026,01:00,Tigres UANL,Pachuca,1,2,A,,,,1.53,4.4,6.5,1.5,4.21,5.78,1.57,4.7,6.4,1.49,4.33,5.75
Mexico,Liga MX,2025/2026,21/02/2026,03:06,Puebla,Club America,0,4,A,,,,5,3.6,1.78,4.7,3.49,1.71,4.9,3.85,1.83,4.5,3.6,1.71
Mexico,Liga MX,2025/2026,21/02/2026,23:00,Atlas,Atl. San Luis,3,2,H,,,,2.43,3.3,3.14,2.33,3.19,2.96,2.4,3.45,3.35,2.32,3.3,3
Mexico,Liga MX,2025/2026,22/02/2026,01:00,Club Leon,Santos Laguna,2,1,H,,,,1.65,4.2,5.1,1.6,4.1,4.73,1.68,4.5,5.1,1.57,4.2,4.75
Mexico,Liga MX,2025/2026,22/02/2026,01:00,Necaxa,Toluca,0,3,A,,,,5.66,4,1.67,5.14,3.84,1.6,6,4.2,1.65,5.5,4,1.57
Mexico,Liga MX,2025/2026,22/02/2026,03:05,Cruz Azul,Guadalajara Chivas,2,1,H,,,,2.4,3.5,3.1,2.26,3.4,2.91,2.32,3.9,3.1,2.2,3.5,3.1
Mexico,Liga MX,2025/2026,22/02/2026,05:10,Club Tijuana,Mazatlan FC,1,1,D,,,,1.53,4.5,6.5,1.48,4.18,5.98,1.56,4.6,6.6,1.51,3.9,6.25
Mexico,Liga MX,2025/2026,22/02/2026,23:00,UNAM Pumas,Monterrey,2,0,H,,,,2.6,3.5,2.7,2.52,3.36,2.59,2.6,3.7,2.84,2.55,3.5,2.65
Mexico,Liga MX,2025/2026,28/02/2026,01:00,Mazatlan FC,Pachuca,1,0,H,,,,3.66,3.55,2.15,3.41,3.32,2.02,3.55,3.55,2.26,3.5,3.4,2.05
Mexico,Liga MX,2025/2026,28/02/2026,01:00,Queretaro,Santos Laguna,2,2,D,,,,1.95,3.7,3.85,1.88,3.51,3.65,2.02,3.7,4.2,1.86,3.6,3.8
Mexico,Liga MX,2025/2026,28/02/2026,03:00,Juarez,Atlas,3,1,H,,,,2.05,3.4,4,1.98,3.24,3.61,2.12,3.5,4,2.01,3.4,3.7
Mexico,Liga MX,2025/2026,28/02/2026,03:06,Club Tijuana,UNAM Pumas,1,1,D,,,,2.2,3.75,3.25,2.13,3.41,3.04,2.26,3.8,3.25,2.1,3.75,3.1
Mexico,Liga MX,2025/2026,28/02/2026,23:00,Atl. San Luis,Puebla,0,1,A,,,,2.2,3.5,3.4,2.08,3.32,3.23,2.26,3.55,3.5,2.1,3.5,3.25
Mexico,Liga MX,2025/2026,28/02/2026,23:00,Toluca,Guadalajara Chivas,2,0,H,,,,2.12,3.4,3.7,2.04,3.21,3.46,2.18,3.6,3.7,2.01,3.4,3.7
Mexico,Liga MX,2025/2026,01/03/2026,01:05,Monterrey,Cruz Azul,0,2,A,,,,2.75,3.5,2.6,2.6,3.39,2.43,2.86,3.7,2.58,2.7,3.4,2.45
Mexico,Liga MX,2025/2026,01/03/2026,01:06,Club Leon,Necaxa,2,1,H,,,,2.12,3.6,3.4,2.06,3.41,3.2,2.14,3.75,3.6,2.05,3.5,3.4
Mexico,Liga MX,2025/2026,01/03/2026,03:10,Club America,Tigres UANL,1,4,A,,,,2.22,3.3,3.65,2.13,3.12,3.32,2.3,3.35,3.65,2.2,3.2,3.3
Mexico,Liga MX,2025/2026,04/03/2026,01:00,Pachuca,Necaxa,2,1,H,,,,1.73,4,4.5,1.7,3.8,4.32,1.76,4.2,5,1.66,4,4.5
Mexico,Liga MX,2025/2026,04/03/2026,01:00,Santos Laguna,Cruz Azul,1,2,A,,,,8,5,1.4,7.17,4.78,1.36,8.6,5.6,1.41,8,4.75,1.33
Mexico,Liga MX,2025/2026,04/03/2026,03:00,Atl. San Luis,Mazatlan FC,4,1,H,,,,1.62,4,5.8,1.58,3.9,5.19,1.66,4.3,5.7,1.61,3.9,5.5
Mexico,Liga MX,2025/2026,04/03/2026,03:10,UNAM Pumas,Toluca,2,3,A,,,,3.9,3.7,1.95,3.69,3.54,1.88,3.9,3.85,2,3.75,3.6,1.91
Mexico,Liga MX,2025/2026,05/03/2026,01:00,Monterrey,Queretaro,4,0,H,,,,1.55,4.35,6.75,1.51,4.08,5.67,1.64,4.2,6.4,1.53,4,6
Mexico,Liga MX,2025/2026,05/03/2026,01:00,Puebla,Tigres UANL,3,1,H,,,,4.2,3.45,1.97,3.84,3.37,1.9,4.2,3.55,2.04,4.1,3.3,1.91
Mexico,Liga MX,2025/2026,05/03/2026,03:00,Atlas,Club Tijuana,2,1,H,,,,2.14,3.4,3.7,2.05,3.34,3.38,2.14,3.5,3.95,2.01,3.4,3.7
Mexico,Liga MX,2025/2026,05/03/2026,03:00,Club America,Juarez,1,2,A,,,,1.75,3.7,5.1,1.7,3.56,4.68,1.8,3.85,5.2,1.71,3.7,4.5
Mexico,Liga MX,2025/2026,07/03/2026,01:00,Mazatlan FC,Club Leon,4,2,H,,,,3.2,3.55,2.25,3.02,3.43,2.13,3.35,3.65,2.28,3.2,3.5,2.15
Mexico,Liga MX,2025/2026,07/03/2026,03:00,Necaxa,UNAM Pumas,0,1,A,,,,3,3.6,2.3,2.83,3.45,2.23,3.05,3.75,2.42,2.82,3.6,2.3
Mexico,Liga MX,2025/2026,07/03/2026,23:00,Cruz Azul,Atl. San Luis,3,0,H,,,,1.44,4.75,7.2,1.4,4.51,6.53,1.45,5.1,8.4,1.39,4.75,7
Mexico,Liga MX,2025/2026,07/03/2026,23:00,Queretaro,Club America,1,2,A,,,,5,3.6,1.83,4.46,3.39,1.75,4.9,3.7,1.87,5,3.5,1.68
Mexico,Liga MX,2025/2026,08/03/2026,01:05,Atlas,Guadalajara Chivas,1,2,A,,,,5.33,3.75,1.67,4.96,3.63,1.63,5.7,4.1,1.7,5.25,3.75,1.62
Mexico,Liga MX,2025/2026,08/03/2026,01:06,Pachuca,Puebla,2,1,H,,,,1.84,3.75,4.5,1.75,3.56,4.21,1.84,3.9,4.8,1.76,3.7,4.5
Mexico,Liga MX,2025/2026,08/03/2026,03:00,Tigres UANL,Monterrey,1,0,H,,,,1.93,3.6,4.2,1.83,3.51,3.84,1.92,3.9,4.3,1.81,3.5,4.1
Mexico,Liga MX,2025/2026,08/03/2026,23:00,Toluca,Juarez,3,1,H,,,,1.51,4.6,7.5,1.46,4.23,6.03,1.5,4.8,7,1.49,4.2,6
Mexico,Liga MX,2025/2026,09/03/2026,03:06,Club Tijuana,Santos Laguna,1,2,A,,,,1.57,4.5,5.5,1.53,4.11,5.12,1.62,4.6,5.8,1.51,4.5,5.25
Mexico,Liga MX,2025/2026,14/03/2026,01:00,Puebla,Necaxa,0,0,D,,,,2.25,3.6,3.35,2.15,3.41,3.07,2.36,3.65,3.25,2.1,3.6,3.1
Mexico,Liga MX,2025/2026,14/03/2026,03:00,Juarez,Monterrey,2,2,D,,,,2.63,3.6,2.63,2.52,3.45,2.51,2.74,3.6,2.72,2.55,3.6,2.45
Mexico,Liga MX,2025/2026,14/03/2026,23:00,Atl. San Luis,Pachuca,1,1,D,,,,3.1,3.5,2.43,2.88,3.36,2.29,3.2,3.6,2.38,3.1,3.5,2.25
Mexico,Liga MX,2025/2026,14/03/2026,23:07,Guadalajara Chivas,Santos Laguna,3,0,H,,,,1.29,6.25,11,1.25,5.83,9.05,1.3,6.8,10.5,1.25,5.75,9.5
Mexico,Liga MX,2025/2026,15/03/2026,01:00,Club Leon,Club Tijuana,0,3,A,,,,1.85,4,4.33,1.75,3.85,3.95,1.83,4.2,4.4,1.71,3.9,4.33
Mexico,Liga MX,2025/2026,15/03/2026,01:00,Toluca,Atlas,1,1,D,,,,1.57,4.25,6.4,1.52,4.01,5.67,1.57,4.6,6.4,1.56,4.1,5.5
Mexico,Liga MX,2025/2026,15/03/2026,03:10,UNAM Pumas,Cruz Azul,2,2,D,,,,3.5,3.65,2.07,3.34,3.5,2,3.9,3.7,2.08,3.5,3.6,1.96
Mexico,Liga MX,2025/2026,15/03/2026,23:00,Tigres UANL,Queretaro,0,0,D,,,,1.48,4.75,7.5,1.41,4.45,6.72,1.47,4.9,7.4,1.42,4.33,7.5
Mexico,Liga MX,2025/2026,16/03/2026,01:00,Club America,Mazatlan FC,2,0,H,,,,1.23,6.5,13,1.21,6.01,11.46,1.26,6.8,13.5,1.22,6,12
Mexico,Liga MX,2025/2026,19/03/2026,02:07,Guadalajara Chivas,Club Leon,5,0,H,,,,1.41,5,7.5,1.37,4.68,7.08,1.44,5.3,7.6,1.37,4.75,7.5
Mexico,Liga MX,2025/2026,21/03/2026,01:00,Necaxa,Club Tijuana,3,0,H,,,,2.23,3.55,3.4,2.12,3.43,3.12,2.2,3.65,3.5,2.05,3.4,3.4
Mexico,Liga MX,2025/2026,21/03/2026,03:06,Mazatlan FC,Cruz Azul,1,1,D,,,,5.25,4.5,1.6,4.89,4.2,1.56,5.3,4.6,1.65,5.25,4.33,1.53
Mexico,Liga MX,2025/2026,21/03/2026,23:00,Atlas,Queretaro,0,0,D,,,,2,3.5,4.1,1.91,3.33,3.83,2.02,3.5,4.4,1.91,3.4,4.1
Mexico,Liga MX,2025/2026,22/03/2026,01:00,Atl. San Luis,Club Leon,1,2,A,,,,2.2,3.7,3.25,2.14,3.53,3.01,2.28,3.75,3.25,2.15,3.7,3.1
Mexico,Liga MX,2025/2026,22/03/2026,01:05,Monterrey,Guadalajara Chivas,2,3,A,,,,3.8,3.75,2.06,3.42,3.59,1.95,3.8,3.9,2.06,3.8,3.6,1.91
Mexico,Liga MX,2025/2026,22/03/2026,03:10,UNAM Pumas,Club America,1,0,H,,,,2.95,3.45,2.55,2.71,3.34,2.41,2.86,3.6,2.62,2.65,3.4,2.55
Mexico,Liga MX,2025/2026,22/03/2026,23:00,Pachuca,Toluca,1,1,D,,,,3.9,3.8,1.91,3.6,3.68,1.87,4,3.95,1.98,3.9,3.7,1.86
Mexico,Liga MX,2025/2026,22/03/2026,23:00,Santos Laguna,Puebla,2,1,H,,,,2.55,3.5,2.75,2.46,3.41,2.6,2.62,3.65,2.84,2.5,3.5,2.65
Mexico,Liga MX,2025/2026,23/03/2026,01:06,Juarez,Tigres UANL,2,1,H,,,,3.5,3.5,2.15,3.31,3.34,2.08,3.6,3.6,2.22,3.5,3.4,2.05
Mexico,Liga MX,2025/2026,04/04/2026,02:00,Puebla,Juarez,1,1,D,,,,2.65,3.6,2.71,2.46,3.35,2.59,2.6,3.65,2.82,2.45,3.5,2.65
Mexico,Liga MX,2025/2026,04/04/2026,04:00,Necaxa,Mazatlan FC,2,1,H,,,,1.58,4.5,5.5,1.54,4.1,5.05,1.58,4.7,5.9,1.56,4.2,5.5
Mexico,Liga MX,2025/2026,04/04/2026,04:06,Club Tijuana,Tigres UANL,1,0,H,,,,4.5,3.75,1.84,4.06,3.52,1.78,4.7,3.75,1.88,4.5,3.6,1.76
Mexico,Liga MX,2025/2026,05/04/2026,00:00,Monterrey,Atl. San Luis,1,2,A,,,,1.54,4.4,6,1.5,4.22,5.35,1.57,4.8,6,1.53,4.33,5.25
Mexico,Liga MX,2025/2026,05/04/2026,00:00,Queretaro,Toluca,1,0,H,,,,6,4.4,1.57,5.35,4.13,1.51,6,4.5,1.6,5.5,4.33,1.51
Mexico,Liga MX,2025/2026,05/04/2026,02:05,Cruz Azul,Pachuca,1,2,A,,,,2.25,3.75,3.2,2.16,3.43,2.97,2.32,3.6,3.3,2.25,3.6,2.85
Mexico,Liga MX,2025/2026,05/04/2026,02:06,Club Leon,Atlas,2,0,H,,,,2.25,3.5,3.4,2.14,3.31,3.12,2.22,3.65,3.5,2.1,3.5,3.4
Mexico,Liga MX,2025/2026,05/04/2026,04:10,Santos Laguna,Club America,1,1,D,,,,5.1,4.1,1.7,4.62,3.88,1.62,5.2,4.3,1.7,4.75,4,1.66
Mexico,Liga MX,2025/2026,06/04/2026,03:07,Guadalajara Chivas,UNAM Pumas,2,2,D,,,,1.52,4.5,6.25,1.47,4.32,5.53,1.54,4.9,6.4,1.46,4.5,5.75
Mexico,Liga MX,2025/2026,08/04/2026,01:00,Queretaro,Juarez,1,1,D,,,,2.85,3.4,2.54,2.69,3.26,2.41,2.92,3.45,2.62,2.75,3.4,2.45
Mexico,Liga MX,2025/2026,11/04/2026,02:00,Puebla,Club Leon,0,1,A,,,,2.75,3.5,2.7,2.59,3.42,2.43,2.84,3.65,2.6,2.75,3.5,2.4
Mexico,Liga MX,2025/2026,11/04/2026,04:06,Juarez,Club Tijuana,1,2,A,,,,1.85,4.2,5,1.65,3.83,4.47,1.71,4.3,5.1,1.62,4,5
Mexico,Liga MX,2025/2026,12/04/2026,00:00,Queretaro,Necaxa,3,1,H,,,,2.45,3.5,2.95,2.34,3.32,2.75,2.56,3.5,2.96,2.35,3.4,2.75
Mexico,Liga MX,2025/2026,12/04/2026,00:00,Tigres UANL,Guadalajara Chivas,4,1,H,,,,2.54,3.4,2.82,2.42,3.29,2.68,2.58,3.5,2.98,2.35,3.4,2.82
Mexico,Liga MX,2025/2026,12/04/2026,02:00,Atlas,Monterrey,0,0,D,,,,3.1,3.5,2.44,2.77,3.37,2.31,2.9,3.6,2.58,2.75,3.5,2.32
Mexico,Liga MX,2025/2026,12/04/2026,02:00,Pachuca,Santos Laguna,4,2,H,,,,1.4,5.25,8.2,1.35,4.92,6.83,1.39,5.7,8.4,1.33,5.25,7.5
Mexico,Liga MX,2025/2026,12/04/2026,04:05,Club America,Cruz Azul,1,1,D,,,,3,3.3,2.75,2.78,3.08,2.47,3.2,3.2,2.54,2.85,3.1,2.55
Mexico,Liga MX,2025/2026,12/04/2026,19:00,UNAM Pumas,Mazatlan FC,3,1,H,,,,1.4,6.5,10.75,1.25,5.79,8.88,1.31,6.6,11,1.24,6,10
Mexico,Liga MX,2025/2026,13/04/2026,02:00,Toluca,Atl. San Luis,1,1,D,,,,1.57,4.75,7.5,1.52,4.13,5.27,1.6,4.6,6,1.51,4.2,5.5
Mexico,Liga MX,2025/2026,18/04/2026,02:00,Atl. San Luis,UNAM Pumas,0,2,A,,,,3.1,3.7,2.3,2.88,3.52,2.16,,,,3,3.5,2.15
Mexico,Liga MX,2025/2026,18/04/2026,02:00,Mazatlan FC,Queretaro,1,1,D,,,,2.9,3.5,3,2.75,3.37,2.34,,,,2.85,3.4,2.3
Mexico,Liga MX,2025/2026,19/04/2026,00:00,Cruz Azul,Club Tijuana,1,1,D,,,,1.44,6,10,1.27,5.5,8.68,,,,1.24,6,10
Mexico,Liga MX,2025/2026,19/04/2026,00:00,Necaxa,Tigres UANL,1,1,D,,,,3.9,3.5,2.05,3.51,3.41,1.95,,,,3.9,3.4,1.91
Mexico,Liga MX,2025/2026,19/04/2026,02:05,Monterrey,Pachuca,1,3,A,,,,2.4,3.65,2.8,2.32,3.47,2.7,,,,2.4,3.5,2.75
Mexico,Liga MX,2025/2026,19/04/2026,02:07,Guadalajara Chivas,Puebla,5,0,H,,,,1.27,6.5,13,1.22,5.8,10.3,,,,1.19,6.5,11
Mexico,Liga MX,2025/2026,19/04/2026,04:06,Club Leon,Juarez,3,1,H,,,,2.25,3.7,3.1,2.14,3.49,2.96,,,,2.05,3.7,3.1
Mexico,Liga MX,2025/2026,19/04/2026,04:10,Club America,Toluca,2,1,H,,,,3,3.4,2.7,2.76,3.25,2.38,,,,3,3.3,2.3
Mexico,Liga MX,2025/2026,20/04/2026,00:00,Santos Laguna,Atlas,0,1,A,,,,2.7,3.6,2.6,2.53,3.43,2.48,,,,2.57,3.6,2.45
Mexico,Liga MX,2025/2026,22/04/2026,02:00,Queretaro,Cruz Azul,1,1,D,,,,5.5,4.33,1.75,4.81,4.1,1.56,,,,5.5,4.33,1.53
Mexico,Liga MX,2025/2026,22/04/2026,02:00,UNAM Pumas,Juarez,4,2,H,,,,1.91,4.33,5,1.65,4.02,4.31,,,,1.61,4.33,5
Mexico,Liga MX,2025/2026,22/04/2026,04:05,Monterrey,Puebla,2,1,H,,,,1.53,4.6,6.25,1.49,4.31,5.39,,,,1.49,4.5,5.5
Mexico,Liga MX,2025/2026,22/04/2026,04:06,Club Leon,Club America,2,3,A,,,,3.6,3.5,2.15,3.32,3.28,2.06,,,,3.4,3.3,2.1
Mexico,Liga MX,2025/2026,23/04/2026,02:00,Atl. San Luis,Santos Laguna,2,0,H,,,,1.88,4,3.9,1.8,3.78,3.68,,,,1.81,4,3.8
Mexico,Liga MX,2025/2026,23/04/2026,02:00,Atlas,Tigres UANL,0,0,D,,,,5.5,3.75,1.91,4.77,3.5,1.69,,,,5.25,3.75,1.66
Mexico,Liga MX,2025/2026,23/04/2026,02:00,Mazatlan FC,Toluca,4,3,H,,,,6.5,4.6,1.63,4.82,4.16,1.56,,,,5,4.2,1.57
Mexico,Liga MX,2025/2026,23/04/2026,04:06,Club Tijuana,Pachuca,3,1,H,,,,2.45,3.6,22,2.33,3.35,6.63,,,,2.2,3.6,2.85
Mexico,Liga MX,2025/2026,23/04/2026,04:10,Necaxa,Guadalajara Chivas,0,0,D,,,,5.5,4.5,22,5.14,4.36,5.62,,,,5.25,4.5,1.51
Mexico,Liga MX,2025/2026,25/04/2026,04:00,Puebla,Queretaro,1,2,A,,,,2.7,3.5,2.75,2.55,3.29,2.52,,,,2.57,3.4,2.55
Mexico,Liga MX,2025/2026,26/04/2026,00:00,Pachuca,UNAM Pumas,0,2,A,,,,1.98,3.75,3.75,1.92,3.56,3.42,,,,1.91,3.6,3.75
Mexico,Liga MX,2025/2026,26/04/2026,00:00,Tigres UANL,Mazatlan FC,5,1,H,,,,1.23,7,15,1.18,6.38,11.41,,,,1.19,6.25,12
Mexico,Liga MX,2025/2026,26/04/2026,02:05,Toluca,Club Leon,4,1,H,,,,1.85,4,3.9,1.79,3.82,3.65,,,,1.81,3.9,3.8
Mexico,Liga MX,2025/2026,26/04/2026,02:07,Guadalajara Chivas,Club Tijuana,0,0,D,,,,1.41,5.33,8,1.35,4.83,6.89,,,,1.37,5,7
Mexico,Liga MX,2025/2026,26/04/2026,04:00,Juarez,Atl. San Luis,2,1,H,,,,2.02,3.75,3.75,1.94,3.57,3.36,,,,1.91,3.6,3.75
Mexico,Liga MX,2025/2026,26/04/2026,04:10,Club America,Atlas,0,1,A,,,,1.56,4.1,7,1.49,3.82,6.31,,,,1.46,3.9,7
Mexico,Liga MX,2025/2026,27/04/2026,00:00,Santos Laguna,Monterrey,3,0,H,,,,2.9,3.8,2.42,2.69,3.6,2.26,,,,2.75,3.7,2.3
Mexico,Liga MX,2025/2026,27/04/2026,02:05,Cruz Azul,Necaxa,4,1,H,,,,1.28,6.25,11,1.24,5.73,9.29,,,,1.22,6,10
Mexico,Liga MX,2025/2026,03/05/2026,02:00,Tigres UANL,Guadalajara Chivas,3,1,H,,,,1.91,3.5,4.2,1.84,3.34,3.99,,,,1.86,3.5,4.1
Mexico,Liga MX,2025/2026,03/05/2026,04:15,Atlas,Cruz Azul,2,3,A,,,,4.5,3.33,1.93,4.12,3.19,1.86,,,,4.5,3.2,1.91
Mexico,Liga MX,2025/2026,04/05/2026,00:00,Club America,UNAM Pumas,3,3,D,,,,2.2,3.3,22,2.17,3.21,6.36,,,,2.2,3.3,3.2
Mexico,Liga MX,2025/2026,04/05/2026,02:15,Toluca,Pachuca,0,1,A,,,,1.96,3.9,4.1,1.84,3.59,3.69,,,,1.86,3.9,3.9
Mexico,Liga MX,2025/2026,10/05/2026,02:07,Guadalajara Chivas,Tigres UANL,2,0,H,,,,2.1,3.7,3.66,2,3.42,3.32,2.12,3.8,3.65,1.96,3.5,3.6
Mexico,Liga MX,2025/2026,10/05/2026,04:15,Cruz Azul,Atlas,1,0,H,,,,1.53,4.33,6.5,1.49,4.09,5.7,1.53,4.7,7.2,1.49,4.33,6
Mexico,Liga MX,2025/2026,11/05/2026,00:00,Pachuca,Toluca,2,0,H,,,,3.1,3.55,2.5,2.68,3.4,2.34,2.8,3.6,2.66,2.65,3.5,2.45
Mexico,Liga MX,2025/2026,11/05/2026,02:15,UNAM Pumas,Club America,3,3,D,,,,2.6,3.5,2.8,2.48,3.37,2.64,,,,2.45,3.4,2.75
Mexico,Liga MX,2025/2026,14/05/2026,03:00,Cruz Azul,Guadalajara Chivas,2,2,D,,,,2.2,3.4,3.4,2.11,3.25,3.18,2.28,3.5,3.55,2.15,3.3,3.4
Mexico,Liga MX,2025/2026,15/05/2026,02:00,Pachuca,UNAM Pumas,1,0,H,,,,2.12,3.75,3.7,1.95,3.44,3.45,2.04,3.7,3.95,1.96,3.6,3.7
Mexico,Liga MX,2025/2026,17/05/2026,02:07,Guadalajara Chivas,Cruz Azul,1,2,A,,,,2.3,3.4,3.25,2.2,3.28,3.01,2.34,3.55,3.25,2.3,3.3,3.1
Mexico,Liga MX,2025/2026,18/05/2026,02:00,UNAM Pumas,Pachuca,1,0,H,,,,2.38,3.75,3,2.28,3.56,2.69,2.52,3.85,2.82,2.32,3.75,2.7
Mexico,Liga MX,2025/2026,22/05/2026,03:00,Cruz Azul,UNAM Pumas,0,0,D,,,,1.71,4,5,1.65,3.72,4.59,1.75,4.1,5.1,1.62,3.9,4.75
Mexico,Liga MX,2025/2026,25/05/2026,02:00,UNAM Pumas,Cruz Azul,1,2,A,,,,3.14,3.6,2.33,2.97,3.26,2.23,3.15,3.75,2.34,3,3.5,2.25
Mexico,Liga MX,2026/2027,17/07/2026,02:00,Necaxa,Atlante,2,1,H,,,,1.9,3.7,4,1.85,3.54,3.7,1.96,3.85,4,1.86,3.5,4
Mexico,Liga MX,2026/2027,17/07/2026,04:10,Club Tijuana,Tigres UANL,3,1,H,,,,3.65,3.4,2.1,3.37,3.32,2.01,3.75,3.65,2.12,3.6,3.3,2.05
Mexico,Liga MX,2026/2027,18/07/2026,02:00,Atl. San Luis,Cruz Azul,2,3,A,,,,5,3.9,1.71,4.61,3.77,1.63,5.7,4.1,1.69,4.75,3.9,1.68
Mexico,Liga MX,2026/2027,18/07/2026,02:00,Club Leon,Atlas,2,3,A,,,,2.2,3.45,3.4,2.09,3.31,3.14,2.26,3.6,3.45,2.15,3.3,3.25
Mexico,Liga MX,2026/2027,18/07/2026,04:00,Juarez,Puebla,0,1,A,,,,1.7,4.1,4.8,1.65,3.82,4.46,1.77,4.1,4.9,1.66,3.9,4.75
Mexico,Liga MX,2026/2027,19/07/2026,00:00,UNAM Pumas,Pachuca,0,3,A,,,,2.6,3.5,2.9,2.45,3.27,2.64,2.72,3.45,2.84,2.57,3.3,2.57
Mexico,Liga MX,2026/2027,19/07/2026,02:05,Monterrey,Santos Laguna,3,2,H,,,,1.5,4.75,6.5,1.44,4.47,5.69,1.51,5,6.6,1.45,4.5,5.75
Mexico,Liga MX,2026/2027,19/07/2026,02:07,Guadalajara Chivas,Toluca,0,2,A,,,,2.02,3.75,3.8,1.91,3.55,3.45,2.04,3.9,3.8,1.86,3.7,3.8
Mexico,Liga MX,2026/2027,19/07/2026,04:10,Queretaro,Club America,0,1,A,,,,3.9,3.7,2,3.55,3.53,1.89,4,3.85,1.99,3.9,3.7,1.86
Mexico,Liga MX,2026/2027,22/07/2026,02:00,Cruz Azul,Puebla,2,1,H,,,,1.36,5.5,8.5,1.31,4.99,7.74,1.36,6,9,1.3,5.5,7.5
Mexico,Liga MX,2026/2027,22/07/2026,04:05,Toluca,UNAM Pumas,1,2,A,,,,1.57,4.25,5.75,1.53,4.09,5.09,1.63,4.3,5.9,1.51,4.2,5.75
Mexico,Liga MX,2026/2027,25/07/2026,04:00,Atlante,Club America,1,1,D,,,,6.1,4.33,1.55,5.63,4.01,1.49,6.4,4.5,1.59,5.5,4.33,1.49
Mexico,Liga MX,2026/2027,25/07/2026,04:00,Club Tijuana,Club Leon,1,0,H,,,,1.91,3.65,4.33,1.86,3.51,3.69,1.99,3.85,4,1.81,3.4,4.33
Mexico,Liga MX,2026/2027,26/07/2026,00:07,Guadalajara Chivas,Juarez,1,0,H,,,,1.4,5.33,8,1.35,4.79,6.91,1.41,5.6,8.4,1.35,4.75,8
Mexico,Liga MX,2026/2027,26/07/2026,04:00,Santos Laguna,Atlas,0,1,A,,,,2.85,3.3,2.65,2.67,3.2,2.44,3,3.45,2.58,2.85,3.25,2.45
Mexico,Liga MX,2026/2027,26/07/2026,04:00,Tigres UANL,Atl. San Luis,2,2,D,,,,1.51,4.5,6.75,1.45,4.22,6,1.52,4.9,6.8,1.49,4.2,6
Mexico,Liga MX,2026/2027,27/07/2026,00:00,Necaxa,Monterrey,2,1,H,,,,3.8,3.8,2.07,3.31,3.57,1.95,3.7,4,2.02,3.8,3.6,1.86
Mexico,Liga MX,2026/2027,27/07/2026,02:06,Pachuca,Queretaro,1,2,A,,,,1.68,3.9,5.33,1.62,3.74,4.8,1.73,4,5.4,1.62,3.8,5
Mexico,Liga MX,2026/2027,01/08/2026,02:00,Puebla,Guadalajara Chivas,1,1,D,,,,6,4.75,1.52,5.61,4.28,1.47,6.4,4.9,1.52,6,4.75,1.45
Mexico,Liga MX,2026/2027,01/08/2026,04:00,Atl. San Luis,Club Tijuana,0,0,D,,,,2.25,3.5,3.1,2.2,3.3,2.97,2.36,3.65,3.2,2.2,3.5,3.1
Mexico,Liga MX,2026/2027,01/08/2026,04:00,Juarez,UNAM Pumas,1,5,A,,,,2.66,3.5,2.6,2.54,3.35,2.49,2.74,3.65,2.72,2.65,3.4,2.5
Mexico,Liga MX,2026/2027,02/08/2026,00:00,Queretaro,Tigres UANL,3,2,H,,,,3.2,3.5,2.25,3,3.32,2.18,3.2,3.6,2.4,3.2,3.3,2.25
Mexico,Liga MX,2026/2027,02/08/2026,02:00,Club Leon,Pachuca,1,0,H,,,,3,3.45,2.35,2.87,3.26,2.26,3.1,3.45,2.5,3,3.25,2.35
Mexico,Liga MX,2026/2027,02/08/2026,02:05,Atlas,Monterrey,0,2,A,,,,2.65,3.45,2.65,2.53,3.28,2.55,2.66,3.55,2.78,2.57,3.4,2.65
Mexico,Liga MX,2026/2027,02/08/2026,04:05,Cruz Azul,Atlante,2,3,A,,,,1.42,5.1,9,1.35,4.62,7.52,1.42,5.4,8.2,1.39,4.5,8
Mexico,Liga MX,2026/2027,03/08/2026,00:00,Club America,Santos Laguna,3,0,H,,,,1.39,5.33,8,1.34,4.86,6.99,1.42,5.6,8.2,1.37,5,7
Mexico,Liga MX,2026/2027,03/08/2026,02:10,Toluca,Necaxa,3,1,H,,,,1.49,4.75,6.25,1.44,4.43,5.73,1.52,4.8,6.4,1.45,4.75,6
Mexico,Liga MX,2026/2027,16/08/2026,00:00,Atlante,Toluca,0,0,D,,,,5.5,4.1,1.62,5.01,3.94,1.57,5.6,4.3,1.66,5.5,3.8,1.61
Mexico,Liga MX,2026/2027,16/08/2026,02:10,Monterrey,Juarez,6,1,H,,,,1.5,4.75,6.25,1.45,4.49,5.64,1.53,4.9,6.2,1.42,4.75,6.25
Mexico,Liga MX,2026/2027,16/08/2026,04:10,Atlas,Tigres UANL,2,1,H,,,,3.3,3.2,2.3,3.09,3.12,2.25,3.4,3.3,2.44,3.3,3.2,2.3
Mexico,Liga MX,2026/2027,16/08/2026,19:00,UNAM Pumas,Queretaro,0,0,D,,,,1.91,3.75,4.2,1.86,3.54,3.73,2,3.8,4.2,1.86,3.7,3.9
Mexico,Liga MX,2026/2027,17/08/2026,00:00,Club America,Atl. San Luis,3,0,H,,,,1.93,3.6,4.2,1.89,3.45,3.74,1.98,3.7,4.3,1.86,3.4,4.2
Mexico,Liga MX,2026/2027,17/08/2026,02:10,Santos Laguna,Guadalajara Chivas,0,1,A,,,,5.5,4.5,1.55,5.1,4.3,1.52,5.5,4.7,1.62,5.25,4.33,1.53
Mexico,Liga MX,2026/2027,17/08/2026,04:00,Club Tijuana,Cruz Azul,2,1,H,,,,2.85,3.4,2.55,2.73,3.28,2.39,2.98,3.5,2.56,2.65,3.25,2.55
Mexico,Liga MX,2026/2027,18/08/2026,02:00,Necaxa,Club Leon,1,2,A,,,,2.8,3.4,2.5,2.68,3.3,2.42,2.86,3.65,2.6,2.75,3.2,2.5
Mexico,Liga MX,2026/2027,18/08/2026,04:06,Pachuca,Puebla,2,3,A,,,,1.65,4.1,5.5,1.59,3.88,5,1.7,4.1,5.6,1.57,3.9,5.5
Mexico,Liga MX,2026/2027,22/08/2026,02:00,Club Leon,Monterrey,2,0,H,,,,3.25,3.7,2.24,3.03,3.51,2.14,3.3,3.8,2.24,3.25,3.5,2.1
Mexico,Liga MX,2026/2027,22/08/2026,02:00,Tigres UANL,Atlante,2,0,H,,,,1.55,4.5,5.5,1.53,4.17,5.22,1.6,4.7,5.8,1.51,4.33,5.5
Mexico,Liga MX,2026/2027,22/08/2026,04:10,Juarez,Club America,1,2,A,,,,5.25,4,1.67,4.97,3.82,1.62,5.5,4.1,1.69,5.25,4,1.61
Mexico,Liga MX,2026/2027,22/08/2026,04:10,Queretaro,Toluca,1,2,A,,,,3.75,3.75,1.93,3.58,3.63,1.89,4,3.95,1.96,3.75,3.6,1.91
Mexico,Liga MX,2026/2027,23/08/2026,00:07,Guadalajara Chivas,Club Tijuana,5,2,H,,,,1.47,4.75,7,1.42,4.51,6.19,1.48,5.3,6.8,1.41,4.5,7
Mexico,Liga MX,2026/2027,23/08/2026,02:00,Puebla,Santos Laguna,3,2,H,,,,2.15,3.6,3.25,2.08,3.53,3.12,2.18,3.8,3.4,2.15,3.6,3.2
Mexico,Liga MX,2026/2027,23/08/2026,04:00,Cruz Azul,Atlas,0,2,A,,,,1.62,4,5.75,1.58,3.92,5.17,1.64,4.4,5.7,1.56,3.9,5.75
Mexico,Liga MX,2026/2027,24/08/2026,00:00,Atl. San Luis,Pachuca,1,1,D,,,,3.3,3.6,2.2,3.09,3.48,2.12,3.4,3.6,2.28,3.3,3.5,2.1
Mexico,Liga MX,2026/2027,24/08/2026,02:00,UNAM Pumas,Necaxa,1,1,D,,,,1.93,3.75,3.8,1.88,3.59,3.65,1.97,3.9,4,1.86,3.75,3.8